id,name,bytes,type,width,height,folder
f8d0cd_008ecc0fd44f4483bbf08b2a6bc45723~mv2.png,Untitled_Artwork 3.png,139916,IMAGE,2360,1640,(root)
f8d0cd_00980d4df2a242d0b597d6455f63e0a1~mv2.jpg,some film3.jpg,347795,IMAGE,1191,842,波兰。1
f8d0cd_00f48cca1d3b4efc9c6a32cbc4d768b6~mv2.jpg,Untitled_Artwork 13.jpg,206760,IMAGE,640,480,(root)
f8d0cd_0226787122e34c88a561b51ff4c0224f~mv2.jpg,Untitled_Artwork 39.jpg,756743,IMAGE,3508,2480,ua
f8d0cd_0244cde45b384a3c87db80b80065e204~mv2.jpg,Untitled_Artwork 9.jpg,325124,IMAGE,2048,2048,(root)
f8d0cd_02db0cb7a5fa43cfaa81c0a5cf362111~mv2.jpg,20-21_Saviiii.jpg,920863,IMAGE,2048,2048,(root)
f8d0cd_071d455923514b548784a3276b2fd53f~mv2.png,Untitled_Artwork 8.png,791629,IMAGE,2048,2048,(root)
f8d0cd_0759a5e94c804c69b1cfe4bbb1f31c51~mv2.jpg,k 2 copy.jpg,995400,IMAGE,2000,1333,(root)
f8d0cd_09d2e9d4b4ad4a3098589447a8e77dfa~mv2.jpg,Untitled_Artwork 33.jpg,581248,IMAGE,2048,2048,ua
f8d0cd_09dc1e70fe884f1bb2bca9a36942cdf2~mv2.jpg,Untitled_Artwork 10.jpg,241555,IMAGE,2048,2048,(root)
f8d0cd_0a1100232e5c44e3a330a45c091ad5dd~mv2.jpg,pj3.5.jpg,788202,IMAGE,1333,2000,i shoot photos
f8d0cd_0a82857582b84b159ba7f959d92b791e~mv2.jpg,kk-16.jpg,607100,IMAGE,1333,2000,i shoot photos
f8d0cd_0aaf1910661649e4ac901153d929ac73~mv2.jpg,No.213.jpg,470062,IMAGE,1191,842,vol.2
f8d0cd_0b0af55ced324861937797115abcad0b~mv2.jpg,未命名作品.jpg,2192493,IMAGE,2737,3649,(root)
f8d0cd_0c4c7ca707f74f2bb1bee6a005084392~mv2.png,IMG_9154.heic,657407,IMAGE,1649,2479,green
f8d0cd_0c624b486fa34ba7ac3169ab54ca0946~mv2.gif,Untitled_Artwork 10.gif,300499,IMAGE,1640,2360,(root)
f8d0cd_0d85cf2375604fbe9c060967cc307c37~mv2.jpg,Crocodile_.jpg,1157865,IMAGE,3508,2480,(root)
f8d0cd_0e1c0db613a444a594ac99d92408dcf5~mv2.jpg,Project 2.7.jpg,479197,IMAGE,2000,1333,i shoot photos
f8d0cd_0e9aa5f27c9d4d9dbe9744597f2e9bce~mv2.jpg,IMG0473-R01-006A.jpg,1866918,IMAGE,2291,1535,(root)
f8d0cd_0f12c18d51514788996329f3e064a27c~mv2.png,Untitled_Artwork 4.png,804392,IMAGE,2480,3508,(root)
f8d0cd_104c00b67fcd4b108018f9d1a5042d11~mv2.jpg,Untitled_Artwork 3.jpg,742084,IMAGE,3508,2480,(root)
f8d0cd_10520832e5a745f2a2ccc198cf1786b0~mv2.jpg,Untitled_Artwork 17.jpg,1850864,IMAGE,3508,2480,ua
f8d0cd_10ad4b0fd3bc426391d53e3e11e4d987~mv2.jpg,Jesus Saves.jpg,705210,IMAGE,2000,1335,i shoot photos
f8d0cd_10e22907b66f472f8b51ada30ddb99cd~mv2.jpg,IMG_3229.jpg,392773,IMAGE,1535,2291,(root)
f8d0cd_11fee8d12d7646bea65439b8a3410d26~mv2.jpg,Untitled_Artwork 14.jpg,3910825,IMAGE,4032,3024,(root)
f8d0cd_1327de5a930040b3a11d2071a6a45a3f~mv2.jpeg,WechatIMG414.jpeg,150817,IMAGE,1080,1920,(root)
f8d0cd_13840f0544d1464e8decf97b88d3b9f4~mv2.jpg,Project 2.6.jpg,579774,IMAGE,1333,2000,i shoot photos
f8d0cd_13d3ca216c384286be28d5b648bd8e80~mv2.jpg,IMG_3342.jpg,949036,IMAGE,1535,2291,(root)
f8d0cd_13e6f06ab49e43cca3b701aed23fc664~mv2.jpg,pj3.9.jpg,684511,IMAGE,1333,2000,i shoot photos
f8d0cd_14b5a3600e0746bdb68de36785c0aa55~mv2.jpg,No.215.jpg,20255,IMAGE,595,842,vol.2
f8d0cd_14c93c6f057b415eb2bb44901249dd89~mv2.jpg,some film9.jpg,282871,IMAGE,1191,842,波兰。1
f8d0cd_151668a7240a4134bf372a1889cf42ac~mv2.jpg,no38.jpg,211218,IMAGE,839,595,vol.3
f8d0cd_1602d2dad4ad4e039f24ab1a98a5c827~mv2.jpg,Untitled_Artwork 24.jpg,1099357,IMAGE,2048,2048,(root)
f8d0cd_160c387cb3664958967778230f66e657~mv2.jpg,IMG_3332.jpg,507611,IMAGE,2291,1535,(root)
f8d0cd_1664262e3a9b4302b5df87e7598629e1~mv2.jpg,Untitled_Artwork 32.jpg,1219951,IMAGE,3508,2480,ua
f8d0cd_1676898bddf94c9aa8027dd6f59d0bbc~mv2.jpg,Untitled_Artwork 7.jpg,491045,IMAGE,2048,2048,(root)
f8d0cd_171dfe933b21441ba6746ec5d12a3d90~mv2.jpg,Untitled_Artwork 23.jpg,1197185,IMAGE,3508,2480,ua
f8d0cd_1778e4eaf44e404a88c4954447f7960e~mv2.jpeg,WechatIMG410.jpeg,119149,IMAGE,1080,1440,(root)
f8d0cd_17857a368ff441ef9b3b806d9f24650a~mv2.png,Untitled_Artwork 1.png,122429,IMAGE,2360,1640,(root)
f8d0cd_1796180e1fca46c5b3449d66dae0bf11~mv2.jpg,some film5.jpg,147119,IMAGE,1191,842,波兰。1
f8d0cd_17b45bb095f840f2864fdf2be3cfccc1~mv2.jpg,Mickey_bob.jpg,1092959,IMAGE,2480,3508,(root)
f8d0cd_17dc3ae48fcb4d29afd6eb35536e3c73~mv2.png,Screen Shot 2023-08-02 at 18.22.03.png,1236521,IMAGE,1274,1666,(root)
f8d0cd_1830413229ea4d98a0a41c5b403379f3~mv2.jpg,hiuh.jpg,1852144,IMAGE,2000,1124,(root)
f8d0cd_185aa00377954e18be2e3180d722c302~mv2.jpg,kk.jpg,369938,IMAGE,1125,2000,i shoot photos
f8d0cd_18670ebf6c144a8eb248a0a3c77df19b~mv2.jpg,project ---9.jpg,252102,IMAGE,2000,1333,i shoot photos
f8d0cd_19572b48888b4760a53322ae067b4e53~mv2.jpg,project ---11.jpg,17599312,IMAGE,7200,3064,(root)
f8d0cd_1ae04efe728a40fab0eb306c865db9ee~mv2.jpg,some film13.jpg,161523,IMAGE,1191,842,波兰。1
f8d0cd_1b93266f87254f7f9130e17dede1c89d~mv2.jpg,project 1.2.jpg,6245241,IMAGE,7200,4800,i shoot photos
f8d0cd_1be117882a6042dfb949226865538663~mv2.jpg,project 1.10.jpg,6464754,IMAGE,7200,4800,(root)
f8d0cd_1d08f63e97b64a9ebbadbbd404c17f8b~mv2.jpg,0000931-R01-00A-0.jpg,539302,IMAGE,1535,2291,(root)
f8d0cd_1dab2e3ef9bb44b89074830beb073483~mv2.jpg,Untitled_Artwork 11.jpg,1806028,IMAGE,3024,4032,np
f8d0cd_1dbd85ff79554abb8b79044ab8ed006a~mv2.jpg,Untitled_Artwork 11.jpg,255478,IMAGE,3508,2480,(root)
f8d0cd_1e1991b261554a3fba74c6dc6956b89e~mv2.jpg,IMG0307-R01-010.jpg,2871120,IMAGE,1830,2740,i shoot photos
f8d0cd_1e1aa9302a5c4802ad3a513ca5926b37~mv2.jpg,j.jpg,857848,IMAGE,2000,1333,(root)
f8d0cd_1f55e6af59664ac287e59120feb6ae23~mv2.jpg,project 1.6.jpg,14668632,IMAGE,7200,4800,i shoot photos
f8d0cd_1f5c2e762925427d971c5060a8e55dfa~mv2.jpg,Untitled_Artwork 8.jpg,310961,IMAGE,2360,1640,(root)
f8d0cd_1f9bde91b19644f691db94691c1c74fd~mv2.jpg,Untitled_Artwork 13.jpg,253594,IMAGE,1640,2360,(root)
f8d0cd_1fb143b3eeb643b38f889f6cdd0f4b3b~mv2.jpg,未命名作品 2.jpg,337148,IMAGE,1170,1168,(root)
f8d0cd_1ff2805381a6458490e022e4af8be2c1~mv2.jpg,DSC06953.jpg,20530630,IMAGE,7360,4144,(root)
f8d0cd_207f367f0cf048bf9326c95a478246be~mv2.jpg,kkkkk-56.jpg,1088365,IMAGE,1335,2000,i shoot photos
f8d0cd_2109e4938d1b47858ed313de279109ad~mv2.jpg,Untitled_Artwork 6.jpg,1622805,IMAGE,2360,1640,ua
f8d0cd_21bedd9d24fe48ce92a21da9f04769cf~mv2.jpg,No.23.jpg,165814,IMAGE,1191,842,vol.2
f8d0cd_229e3537d6984598b867ae01e93414c5~mv2.jpg,Crocodile_.jpg,1175624,IMAGE,3508,2480,np
f8d0cd_22c1d43d033f486fa73edc8e00b6e2e9~mv2.jpg,DSC06090.jpg,8567997,IMAGE,9482,5603,(root)
f8d0cd_22d88372971c444b9d2b1663e8d9f2c7~mv2.jpg,Untitled_Artwork 8.jpg,433187,IMAGE,868,1059,(root)
f8d0cd_23693fc7c19e417492a293622c3d5e0c~mv2.jpg,Project 2.5.jpg,494291,IMAGE,2000,1333,i shoot photos
f8d0cd_2396f330a2c4445bb39d5f721a391cc5~mv2.jpg,未命名作品 4.jpg,5830081,IMAGE,3024,4032,np
f8d0cd_24db06bddf85473e9f90e29e21afead3~mv2.png,Untitled_Artwork 4.png,130601,IMAGE,2360,1640,(root)
f8d0cd_25248a8cbdfc499599bd49a20aa0d654~mv2.jpg,Untitled_Artwork 2.jpg,566794,IMAGE,2048,2048,(root)
f8d0cd_258c34d2822e45d2aaa455763bda1983~mv2.png,Untitled_Artwork 2_edited.png,130717,IMAGE,2360,1640,(root)
f8d0cd_25a76054a0264134a4987115094e75a0,IMG_0581.MOV,16325903,VIDEO,,,(root)
f8d0cd_25f32d76fc354363a69498bc215ad5f7~mv2.jpg,project 1.7.jpg,4792880,IMAGE,7200,4800,i shoot photos
f8d0cd_25f5e4c128414d4cb77e8c1673e7841f~mv2.gif,Untitled_Artwork 5.gif,399857,IMAGE,3508,2480,(root)
f8d0cd_263f3fd3d5a04dd5aa92b0d0905a4b0d~mv2.jpg,IMG0473-R01-018A.jpg,907341,IMAGE,1535,2291,(root)
f8d0cd_26411af79c6944a88a92d18c250d69d8~mv2.png,ss.png,3307401,IMAGE,1550,1098,(root)
f8d0cd_26deee346b374728b8f595a854ff4353~mv2.jpg,Untitled_Artwork 14.jpg,807427,IMAGE,3508,2480,(root)
f8d0cd_26ea8780d2104ca791ba5899b4dacd83~mv2.jpg,11.12.jpg,1887696,IMAGE,5525,4144,(root)
f8d0cd_28bf9ad66ce3465f9fcee5edd6ed68da~mv2.jpeg,WechatIMG412.jpeg,63502,IMAGE,1080,1528,(root)
f8d0cd_28c3bfb682ab466d819ee451121b5e2c~mv2.jpg,Untitled_Artwork 15.jpg,3887666,IMAGE,4032,3024,np
f8d0cd_29b828159cc949928ad51b2f52567ab4~mv2.jpg,DSC05709.jpg,17625883,IMAGE,4912,7360,(root)
f8d0cd_2a58345b13fa406aac413cf893b79ffd~mv2.jpg,Untitled_Artwork 15.jpg,1264207,IMAGE,2480,3508,ua
f8d0cd_2ad582ec70dc4c0ba140c125ed885c7b~mv2.jpg,IMG_1839.JPG,750036,IMAGE,1248,2016,ua
f8d0cd_2ba36734d6b74b6cacdac08cb400c308~mv2.jpg,Untitled_Artwork 12.jpg,1656400,IMAGE,2480,3508,ua
f8d0cd_2c7948fc9b364fafbf18bda16135d909~mv2.jpg,pj3.11.jpg,578289,IMAGE,1333,2000,i shoot photos
f8d0cd_2c7ebc72e21d487e9137d112751707ea~mv2.jpg,Untitled_Artwork 12.jpg,637622,IMAGE,2048,2048,(root)
f8d0cd_2cc9bc3289ea44a88d092c3ee9dea99f~mv2.jpg,No.24.jpg,347751,IMAGE,1191,842,vol.2
f8d0cd_2de9f18f12c241bf96a19c6fe4bd189a~mv2.jpg,Untitled_Artwork 19.jpg,2750322,IMAGE,3024,4032,(root)
f8d0cd_2e970e7dcfe04d7b8c61ecb5054f920f,vikaku.mov,153877974,VIDEO,,,(root)
f8d0cd_2f8463588d3c4f8f9cf4e6dfdf34c5da~mv2.jpg,Untitled_Artwork 23.jpg,852358,IMAGE,2048,2048,(root)
f8d0cd_31708f62a4354aa7afffcc87f5558f83~mv2.jpg,aloha.jpg,2905630,IMAGE,2758,4626,(root)
f8d0cd_31f07b27a4ae44e28430b62d561e80b6~mv2.jpg,Untitled_Artwork 16.jpg,1301482,IMAGE,3508,2480,(root)
f8d0cd_32e7573a579142d39f828fbe44915a6f~mv2.jpg,Untitled_Artwork 2.jpg,145923,IMAGE,2360,1640,(root)
f8d0cd_3383e7cd437045308cdd1791194ed3f7~mv2.jpg,Untitled_Artwork 7.jpg,3085911,IMAGE,2360,1640,ua
f8d0cd_3435476f3608426b911973d6dc95685b~mv2.jpg,Untitled_Artwork 28.jpg,1095301,IMAGE,2048,2048,(root)
f8d0cd_34af19b3ba724cdc91807375636372d7~mv2.jpg,Untitled_Artwork 15.jpg,2352820,IMAGE,3508,2480,(root)
f8d0cd_34d346f07a8443db8f7760306d41b80d~mv2.jpg,Untitled_Artwork 20.jpg,891705,IMAGE,3508,2480,ua
f8d0cd_363ec81903f841a5bec62a4284cbb8a7~mv2.jpg,Untitled_Artwork 11.jpg,2048420,IMAGE,4032,3024,(root)
f8d0cd_3679fd1aca3b4ef0815e6e468cd7686a~mv2.jpg,Untitled_Artwork 6.jpg,1692294,IMAGE,2659,3545,(root)
f8d0cd_36beb599626f4e5895ea23d7488b178f~mv2.jpg,kkkkk-5.jpg,4964234,IMAGE,1335,2000,(root)
f8d0cd_36c3ae53be234388bebb30b2ac72fe7d~mv2.jpg,some film6.jpg,401787,IMAGE,1191,842,波兰。1
f8d0cd_370efc7711a8482988d487850a380a2e~mv2.jpg,IMG_1840.JPG,524142,IMAGE,1088,1248,ua
f8d0cd_380563a524f94ba6a6b04c60e1b5fca1~mv2.jpg,Untitled_Artwork 14.jpg,325620,IMAGE,988,554,(root)
f8d0cd_392e13afd0d046ddb8ad6d03f9143a9b~mv2.jpg,Project 2.1.jpg,475559,IMAGE,2000,1333,i shoot photos
f8d0cd_396def9aed75412dbf379f47d7ff02d5~mv2.png,Untitled_Artwork 9.png,1353233,IMAGE,2360,1640,(root)
f8d0cd_399fe76fa0c04d68b8ee8a223b0bd072~mv2.png,IMG_9165.heic,582272,IMAGE,1661,2583,green
f8d0cd_3c4be6f11474484a89ceac7f0f4fbf6f~mv2.jpg,Project 2.3.jpg,536344,IMAGE,1333,2000,i shoot photos
f8d0cd_3c613988018f4bd182f488e5b5dd5152~mv2.jpg,DSC_4574.jpg,1586558,IMAGE,8256,5504,(root)
f8d0cd_3c789755733a4494aeff243af802c1cf~mv2.jpg,Untitled_Artwork 10.jpg,451057,IMAGE,2360,1640,ua
f8d0cd_3d2a48eb4efc44f39f463b796fcfd35d~mv2.jpg,Untitled_Artwork 12.jpg,349932,IMAGE,1080,1440,(root)
f8d0cd_3d962502348e492091a95202921925aa~mv2.jpg,未命名作品 2.jpg,2544545,IMAGE,3024,4032,(root)
f8d0cd_3d974a9663734303a9f17d8166ab638b~mv2.png,Untitled_Artwork 5.png,159244,IMAGE,2360,1640,(root)
f8d0cd_3dea0e89deb64e65bd5c5d09087bdc43~mv2.jpg,Untitled_Artwork 8.jpg,1434198,IMAGE,3024,4032,np
f8d0cd_3e300842293c4c3aa00d04f520451b81~mv2.jpg,kk-18.jpg,725854,IMAGE,1333,2000,i shoot photos
f8d0cd_3f3466efa6f34e5ab6a3df1ad2d6bbf7~mv2.gif,Untitled_Artwork 4.gif,215789,IMAGE,879,1644,(root)
f8d0cd_405c5364651f4a36947b0381a1260693~mv2.jpg,Untitled_Artwork 3.jpg,1592393,IMAGE,2048,2048,(root)
f8d0cd_406670d7e68d48ee8673fa4d8e86e68d~mv2.jpg,Untitled_Artwork 18.jpg,1113534,IMAGE,3024,4032,(root)
f8d0cd_408e448ff2844ee58df7ac61546f1350~mv2.jpg,kk-17.jpg,443604,IMAGE,2000,1333,i shoot photos
f8d0cd_41838ded99924c02bc735f425b18d112~mv2.jpg,Untitled_Artwork 26.jpg,387424,IMAGE,2048,2048,(root)
f8d0cd_41980fe25a984426afbca4595b361d77~mv2.jpg,some film4.jpg,516718,IMAGE,1191,842,波兰。1
f8d0cd_42ffdd2d277a4039962a83b108e3f8c1~mv2.jpg,Untitled_Artwork 22.jpg,1084067,IMAGE,2480,3508,(root)
f8d0cd_43456930d45943fe98fb4d0f5b8ba0ec~mv2.jpg,Untitled_Artwork 10.jpg,2466939,IMAGE,4032,3024,np
f8d0cd_43b74a352cff4610bdae643ca90cc6ae~mv2.jpg,Untitled_Artwork 16.jpg,734806,IMAGE,1366,1821,(root)
f8d0cd_450e5d7150d54884854808e04f17b6d8~mv2.png,Screen Shot 2023-01-16 at 23.54.20.png,3253021,IMAGE,1122,1534,ua
f8d0cd_4533edc8639c46c99d67ee5113164214~mv2.png,IMG_9157.heic,626886,IMAGE,1720,2652,green
f8d0cd_465d3153baa34decb89440e81a1980e3~mv2.jpg,no310.jpg,214594,IMAGE,839,595,vol.3
f8d0cd_46744f10c95f4a5b8a5aabdf8ce13f86~mv2.jpg,Untitled_Artwork 19.jpg,2750322,IMAGE,3024,4032,(root)
f8d0cd_46a82b58e4b6485bbb7b68f6b3bf8746~mv2.png,IMG_9156.heic,686054,IMAGE,1859,2738,green
f8d0cd_46db7d92490b422885d4012bb2ac2795~mv2.jpg,some film2.jpg,408963,IMAGE,1191,842,波兰。1
f8d0cd_4877d4affaab4694b3ce8a75be4de4fb~mv2.jpeg,WechatIMG411.jpeg,184952,IMAGE,1279,1706,(root)
f8d0cd_48f8508f1bbf4621991291d5844702d1~mv2.jpg,acbe845143758a9e66dc9b994dd595fd.jpg,4893039,IMAGE,2075,3130,(root)
f8d0cd_496e04d90da74379bdaadec0851bd29e~mv2.jpg,Untitled_Artwork 13.jpg,609766,IMAGE,3508,2480,(root)
f8d0cd_4a35dfc46e564e0c99346cbd235a64d0~mv2.jpg,kkkkk-94.jpg,657112,IMAGE,1678,1113,(root)
f8d0cd_4acaf895990c468d8cfb59dc09c24683~mv2.jpg,some film12.jpg,84513,IMAGE,1191,842,波兰。1
f8d0cd_4b16a0ac6e394486b3ca8c0646f37728~mv2.jpg,Untitled_Artwork 2.jpg,2369495,IMAGE,3508,2480,(root)
f8d0cd_4c1eb9c3bf3f43cd8de981fa7af2c64a~mv2.jpg,IMG_7486.jpg,215592,IMAGE,775,1051,(root)
f8d0cd_4c9459f59ce64c0297d9c5d7f7baf28e~mv2.jpg,Untitled_Artwork 28.jpg,623454,IMAGE,2048,2048,(root)
f8d0cd_4cd07767b83c4a158380402dc444a773~mv2.gif,Untitled_Artwork 3.gif,430441,IMAGE,3508,2480,(root)
f8d0cd_4d477fb2dbbe45e588947b6af3ff9fdc~mv2.jpg,pj3.10.jpg,308445,IMAGE,1333,2000,i shoot photos
f8d0cd_4dd75d49275249e287cbe77ccd7481df~mv2.gif,Untitled_Artwork 4.gif,782913,IMAGE,3508,2480,(root)
f8d0cd_4de99df92d34400ca4d361d5a8f0d0ab~mv2.png,IMG_8343.HEIC,700117,IMAGE,2605,3474,(root)
f8d0cd_5012fa4c7df748559b68c0119bb7555b~mv2.jpg,Untitled_Artwork 17.jpg,705320,IMAGE,2048,2048,(root)
f8d0cd_503e869ebd684e41ac706956367d0591~mv2.jpg,pj3.4.jpg,684962,IMAGE,2000,1333,i shoot photos
f8d0cd_5082caba67cb4bc3b0a5d53219a961dc~mv2.jpg,Untitled_Artwork 10.jpg,272461,IMAGE,2360,1640,(root)
f8d0cd_509c5b52ed4641d79835571641e9da82~mv2.jpg,IMG_0566.jpg,531644,IMAGE,3508,2480,(root)
f8d0cd_51344437b5af4675b78eaa5a7c343327~mv2.jpg,Untitled_Artwork 15.jpg,1001222,IMAGE,2071,2761,(root)
f8d0cd_51816194b3624abfa0f3d0ceb3bf4d42~mv2.png,Untitled_Artwork 6.png,816662,IMAGE,2480,3508,(root)
f8d0cd_520dd15db5f045c8b664b3ea16f28d7b~mv2.jpg,no312.jpg,222795,IMAGE,839,595,vol.3
f8d0cd_5254c5b6dff54ed192877d72ba662dd4~mv2.jpg,project --.jpg,322485,IMAGE,2000,851,i shoot photos
f8d0cd_52c372afc7c44893a6c8e6d4816aa1f8~mv2.jpg,Untitled_Artwork 27.jpg,356496,IMAGE,2048,2048,(root)
f8d0cd_5347972a97c04393bbe10b6eee52f88e~mv2.png,IMG_9163.heic,555036,IMAGE,1660,2654,green
f8d0cd_534f312ab98448889a26198cc99cd205~mv2.gif,Untitled_Artwork.gif,307293,IMAGE,480,201,(root)
f8d0cd_5392581d338d4d67a849e1a5a7104e8b~mv2.png,Untitled_Artwork 3.png,393072,IMAGE,2360,1640,(root)
f8d0cd_53f79280b66e48eaa4b993deb6b10323~mv2.jpg,20-21_Saviiii.jpg,920863,IMAGE,2048,2048,(root)
f8d0cd_5418d3fcc4ca455fb65ca08335ed66c4~mv2.jpg,未命名作品.jpg,2346273,IMAGE,3024,4032,(root)
f8d0cd_54b017e5c3374b69a411a41162f7e4d0~mv2.jpg,No.25.jpg,433475,IMAGE,1191,842,vol.2
f8d0cd_54bbc6b6addd4eac9b6a4879ba8b118d~mv2.jpg,IMG_7486.jpg,215592,IMAGE,775,1051,(root)
f8d0cd_558f7071b1ec4b00bd91ec828698339b~mv2.png,Untitled_Artwork 5.png,635585,IMAGE,2480,3508,(root)
f8d0cd_55b47b82bd83438ea32dfbe95dd5e9b4~mv2.jpg,0000931-R01-0A-1.jpg,1374186,IMAGE,1535,2291,(root)
f8d0cd_560cd03be53148749426ff63125cc53e~mv2.jpg,Untitled_Artwork.jpg,934352,IMAGE,3508,2480,(root)
f8d0cd_560ea54154a946dd984aa143080b8c13~mv2.jpg,000007210010.jpg,2694619,IMAGE,2048,3088,vol.3
f8d0cd_56a2770fee65487cadbc7ee31be7acf5~mv2.jpg,jj.jpg,3223583,IMAGE,5525,4144,(root)
f8d0cd_57dab0df608544b294a004aee111ee13~mv2.png,Screenshot 2025-03-06 at 3.00.19 PM.png,220730,IMAGE,3302,2008,(root)
f8d0cd_5845e9cb38004acabbc20e4cf0c7c88d~mv2.jpg,Untitled_Artwork 9.jpg,3019712,IMAGE,4032,3024,np
f8d0cd_594480186bf542e4ac226fe68c709449~mv2.jpg,pj3.3.jpg,438436,IMAGE,2000,1333,i shoot photos
f8d0cd_5ab45520545e42818942e2aec411bf23~mv2.jpg,Untitled_Artwork 1.jpg,926322,IMAGE,3508,2480,(root)
f8d0cd_5b15d2e184a24637a9f5cdd22ab895e8~mv2.jpg,no3.jpg,81520,IMAGE,420,595,vol.3
f8d0cd_5b54b68e34494c339b886674075bbc43~mv2.jpeg,WechatIMG415.jpeg,143424,IMAGE,1080,1920,(root)
f8d0cd_5b84278d2af84cd59133c6aafa85f126~mv2.jpg,some film7.jpg,273568,IMAGE,1191,842,波兰。1
f8d0cd_5bd5e97eca6d41e4bf02c42ce62ac991~mv2.png,Screen Shot 2023-01-16 at 23.51.41.png,2713187,IMAGE,1344,1472,ua
f8d0cd_5be3e66a69a84dee852d5d541bd6ac2f~mv2.png,Untitled_Artwork 7.png,151636,IMAGE,2360,1640,(root)
f8d0cd_5c8d476c5a964dc9a96e33ef3c18c8cf~mv2.jpg,IMG_5618 2.jpg,1662407,IMAGE,1535,2291,(root)
f8d0cd_5cfae588922549e2b168cdee2775b694~mv2.jpg,the red one - 2021.jpg,376845,IMAGE,2095,1577,ua
f8d0cd_5d134d6d0956494185b203e9f78eb9ef~mv2.png,Untitled_Artwork 11.png,771302,IMAGE,2480,3508,(root)
f8d0cd_5d7df37b41c64dcbac1f3129ffeacfa2~mv2.png,Untitled_Artwork 10.png,687038,IMAGE,2480,3508,(root)
f8d0cd_5e9e7b49b10049328e13fb3cf597d076~mv2.jpg,222.jpg,2369894,IMAGE,4144,7360,(root)
f8d0cd_5ea81b09e424487bb53a19bbf1ae81bf~mv2.jpg,未命名作品 5.jpg,2541333,IMAGE,3024,4032,np
f8d0cd_5f021144aea146239ab4b8505f7a0893~mv2.jpg,Untitled_Artwork 5.jpg,220860,IMAGE,2048,2048,ua
f8d0cd_611f7142627b47c5b3578bd8199265f9~mv2.jpg,Untitled_Artwork 11.jpg,631645,IMAGE,1640,2360,ua
f8d0cd_61aab1b4c51f43bea1d4ab0a66f40c9c~mv2.jpg,Project 2.4.jpg,553460,IMAGE,2000,1333,i shoot photos
f8d0cd_61ad59ef7aec4beaab349aaf222718d2~mv2.jpg,Anima Specimen.jpg,3510822,IMAGE,7212,10365,(root)
f8d0cd_63eab36773164351ad1bc56df5d307ef~mv2.jpg,IMG_5759.jpg,265115,IMAGE,1050,704,(root)
f8d0cd_66a5f3fcbfac426aac0cf2206c51b83a~mv2.jpg,No.212.jpg,228138,IMAGE,1191,842,vol.2
f8d0cd_66ee7f5d0b2b42789efb26988d720ba3~mv2.jpg,Untitled_Artwork 6.jpg,612411,IMAGE,2360,1640,(root)
f8d0cd_670510d509f445f785329b09565026a4~mv2.jpg,Untitled_Artwork 3.jpg,755982,IMAGE,2048,2048,(root)
f8d0cd_6714bbd2d51c461a8ceba1c38bb59780~mv2.jpg,kk-3.jpg,392793,IMAGE,1333,2000,i shoot photos
f8d0cd_6791445ab3cd4155a9d2bfb448c11df3~mv2.jpg,kk-6.jpg,444298,IMAGE,1333,2000,i shoot photos
f8d0cd_67a8c104402841cf8566bbf464f96cc1~mv2.png,Screen Shot 2023-01-15 at 16.46.34.png,20436,IMAGE,742,480,(root)
f8d0cd_68379eee67f84ddaae78579a2c9262b8~mv2.png,Untitled_Artwork 9.png,652938,IMAGE,2480,3508,(root)
f8d0cd_68402cb0b9714bb3992ad75b0d6c38c0~mv2.jpg,Project 2.14.jpg,509279,IMAGE,2000,1333,i shoot photos
f8d0cd_6a2020f8a022469c83e5a994b80a5691~mv2.jpg,未命名作品 2.jpg,265022,IMAGE,2048,2048,(root)
f8d0cd_6b44128f676142f88bdd1c3bc8f5202d~mv2.jpg,Untitled_Artwork 26.jpg,806005,IMAGE,2480,3508,ua
f8d0cd_6b520e6502394dcebe506ba7acc90082~mv2.jpg,Untitled_Artwork 8.jpg,3257875,IMAGE,3508,2480,(root)
f8d0cd_6c4215f812954c79a6860cd00fc4cdb3~mv2.jpg,IMG_6076.jpg,7463893,IMAGE,1830,1830,(root)
f8d0cd_6e4aa681dd184459a9be14f0b989a09d~mv2.png,7256208.png,9982,IMAGE,512,512,(root)
f8d0cd_6ea549d353ac4e29bb064d5bfb3a31b3~mv2.jpg,Untitled_Artwork 10.jpg,1609467,IMAGE,3024,4032,(root)
f8d0cd_6ead3218620d471b9360c3dd4bdd33ec~mv2.png,Untitled_Artwork 11.png,461207,IMAGE,2360,1640,(root)
f8d0cd_6eefdb6eb08a453e82968b90c288ec3f~mv2.jpg,no36.jpg,343287,IMAGE,839,595,vol.3
f8d0cd_6ef30f34836d46fb93ba1b7c46ad0759~mv2.jpg,IMG0473-R01-020A.jpg,1626792,IMAGE,2291,1535,(root)
f8d0cd_6fcbfcd414c346f0a187112096498165~mv2.jpg,pj3_edited.jpg,803042,IMAGE,2000,1333,i shoot photos
f8d0cd_6fda78b7a7c4414fb411532192f1a040~mv2.gif,Untitled_Artwork 5.gif,369898,IMAGE,1241,2480,(root)
f8d0cd_70348c9c0a184d1a9ab831b31202f95d~mv2.jpg,pj3_edited.jpg,605494,IMAGE,2000,1333,i shoot photos
f8d0cd_7070d507660342bbac8b7370a00cface~mv2.jpg,Untitled_Artwork 10.jpg,551637,IMAGE,2048,2048,(root)
f8d0cd_71389cb8695344e0a68e40a5fccafeb7~mv2.jpg,Untitled_Artwork 16.jpg,1188151,IMAGE,3508,2480,ua
f8d0cd_713b373b3c6b41c18eba2f32c603dfa6~mv2.jpg,Untitled_Artwork 7.jpg,2697292,IMAGE,3024,4032,np
f8d0cd_722cfbedb4a447d89950980e72f0384a,jjj.mov,148436145,VIDEO,,,(root)
f8d0cd_73459663acf94b149a1ff3ea4706245f~mv2.jpg,Untitled_Artwork 14.jpg,2478612,IMAGE,3024,4032,np
f8d0cd_73cec0e6806a494cad1fc782cb94f0fd~mv2.jpg,Untitled_Artwork 24.jpg,1199838,IMAGE,2480,3508,ua
f8d0cd_741c8640e643427bb57e9192e2eba145~mv2.jpg,Untitled_Artwork 25.jpg,1066699,IMAGE,2048,2048,(root)
f8d0cd_75817f364c1d4e9ea109a279500c6dfe~mv2.jpeg,DSC05668.jpeg,11163687,IMAGE,7360,4912,(root)
f8d0cd_7600cf71ab454428a6da16e39bfc3868~mv2.jpg,Untitled_Artwork 4.jpg,1961333,IMAGE,3024,4032,np
f8d0cd_76338d87be1c4243ae119bebca2ce41d~mv2.jpg,Untitled_Artwork 18.jpg,1628525,IMAGE,3508,2480,ua
f8d0cd_76462e50c626432cb458423fe48857d5,dji_mimo_20221225_143424_20221225143412_1671978940100_video.MP4,44649856,VIDEO,,,(root)
f8d0cd_77695254c00f4fa89c6dcca7a87f5e72~mv2.jpg,Untitled_Artwork 27.jpg,634091,IMAGE,2048,2048,(root)
f8d0cd_77c2f3e729d14571a730274045d5ab0b~mv2.jpg,Untitled_Artwork 4.jpg,695395,IMAGE,2048,2048,(root)
f8d0cd_7853f943f24746d39baccd78ddce24e0~mv2.jpg,no315.jpg,97211,IMAGE,420,595,vol.3
f8d0cd_795047d2030345fb97e87e8defa87f3e~mv2.jpg,some film14.jpg,446327,IMAGE,1191,842,波兰。1
f8d0cd_7953d1c065184f86a37dd5b70e2a98db~mv2.jpg,IMG_9449.jpg,3623295,IMAGE,3024,4032,(root)
f8d0cd_797efd708eb64f9e87cafa6ee32f6e22~mv2.jpg,Untitled_Artwork 28.jpg,922917,IMAGE,2480,3508,ua
f8d0cd_7988398efdaf48948935d08702ba7ab2~mv2.jpg,Untitled_Artwork 37.jpg,1315755,IMAGE,3508,2480,ua
f8d0cd_7a02b528230b41458bbe7fe5a91abe2a~mv2.jpg,Untitled_Artwork 6.jpg,596743,IMAGE,1170,871,(root)
f8d0cd_7b7e9ca1f9a34a4ba3afe2f893dcc4be~mv2.png,IMG_9153.heic,597728,IMAGE,1748,2611,green
f8d0cd_7ba12bf8596e4747a9aa958f68c5ef46~mv2.jpg,k 2.jpg,995400,IMAGE,2000,1333,(root)
f8d0cd_7d253c7985644a77a3ac35e4885239de~mv2.png,Untitled_Artwork 7.png,530906,IMAGE,2480,3508,(root)
f8d0cd_7d274972064147f4b786c3b78b1785d3~mv2.jpg,Untitled_Artwork 2.jpg,1652600,IMAGE,2480,3508,(root)
f8d0cd_7dc21b4861414ceaa13f21c86bd38ac9~mv2.jpg,Untitled_Artwork 30.jpg,761148,IMAGE,2480,3508,ua
f8d0cd_7dde67acb8a34db8a1fe28baeeb23cb2~mv2.png,Untitled_Artwork 8.png,806829,IMAGE,2480,3508,(root)
f8d0cd_7e1d335fd15b49c38255a03f6f9d8dda~mv2.jpg,Untitled_Artwork 35.jpg,575625,IMAGE,2385,2050,ua
f8d0cd_7eb9758fee3c40698cf6c9c46868bcf5~mv2.jpg,No.29.jpg,382305,IMAGE,1191,842,vol.2
f8d0cd_805d8434c27c4ac0a763f4c8b398229c~mv2.jpg,IMG0475-R01-001A.jpg,441802,IMAGE,1535,2291,(root)
f8d0cd_80b991e35a6a4cfc9821a27bcb161181~mv2.jpg,Untitled_Artwork 26.jpg,810388,IMAGE,2048,2048,(root)
f8d0cd_81ca6414f1a6475a96ff3dd45bda6f65~mv2.png,IMG_8343.HEIC,700117,IMAGE,2605,3474,(root)
f8d0cd_81cf27e6c647406eaa939e1bc74d93d7~mv2.jpg,no311.jpg,256665,IMAGE,839,595,vol.3
f8d0cd_81d29cb479324904b7dc532f5762cc76,IMG_7465.mov,8232448,VIDEO,,,(root)
f8d0cd_8271f3b72f34441089d99b0aae07321f~mv2.jpg,some film8.jpg,194092,IMAGE,1191,842,波兰。1
f8d0cd_82fa24d8347b4f60b6603c80f9dedddf~mv2.jpg,IMG_3327.jpg,981205,IMAGE,2291,1535,(root)
f8d0cd_832784b7844d4607b48ceb1ff7e9aaea~mv2.jpg,Untitled_Artwork 15.jpg,514759,IMAGE,1170,641,(root)
f8d0cd_84c53341629b46a49edea1a4b63aa467~mv2.jpg,Untitled_Artwork 6.jpg,1605635,IMAGE,2659,3545,np
f8d0cd_856bc27f44514c768b1340f252f80b0a~mv2.gif,Untitled_Artwork 9.gif,199354,IMAGE,3508,2480,(root)
f8d0cd_85c14e77afc44e519653704b9c1fd6e2~mv2.gif,Untitled_Artwork 7.gif,407443,IMAGE,3508,2480,(root)
f8d0cd_85c579d426564566854b6691f8ab42a6~mv2.jpg,Untitled_Artwork 5.jpg,516583,IMAGE,2048,2048,(root)
f8d0cd_85fa3e8574674da091a33fb42433fc2e~mv2.jpg,Untitled_Artwork 19.jpg,1048577,IMAGE,3024,4032,np
f8d0cd_86769263068b482aae6014b0e0e0e667~mv2.jpg,Untitled_Artwork 14.jpg,2455172,IMAGE,3508,2480,ua
f8d0cd_8781ebf9d08145beac8a8e23ae96ade9~mv2.jpg,Untitled_Artwork 14.jpg,307230,IMAGE,1640,2360,(root)
f8d0cd_878402b44510454395cca066c21e1970~mv2.jpeg,hkjl.jpeg,16212581,IMAGE,4071,8511,(root)
f8d0cd_884299ebed6b45d4aa97d07124f30e68~mv2.jpg,project 1.9.jpg,8526490,IMAGE,7200,4800,i shoot photos
f8d0cd_88f1b33584804c0883c0fd7e785cc263~mv2.jpg,Project 2.12.jpg,531683,IMAGE,1333,2000,i shoot photos
f8d0cd_89704c09502843e1890058b22a2b5e94~mv2.jpg,Untitled_Artwork 5.jpg,2543704,IMAGE,3024,4032,np
f8d0cd_8b4edb0cac9b494cb0ec1bd7cfdc4bde~mv2.jpg,pj3.6.jpg,606108,IMAGE,1333,2000,i shoot photos
f8d0cd_8bf62063a87f44b68b37c78a94327284~mv2.jpg,kk.jpg,796869,IMAGE,2000,1333,(root)
f8d0cd_8c22c40cc2554afca56727a55962c181~mv2.jpg,trd.jpg,3382061,IMAGE,5525,4144,(root)
f8d0cd_8d2a8cf6cd4942e8b02b5ee4c717b441~mv2.jpeg,kkkkk-14.jpeg,1035224,IMAGE,2000,1335,(root)
f8d0cd_8df6eee158a4478ca16c1b57cb73326a~mv2.jpg,Untitled_Artwork 7.jpg,2385467,IMAGE,3024,4032,(root)
f8d0cd_8f2d0416429e4923870fad11e63de97d~mv2.jpg,143580a425a706d6d23a0c961c9ff11f.jpg,1076223,IMAGE,3130,2075,(root)
f8d0cd_8fc19c2b6bda4066a5cfb502fb3c7643~mv2.jpg,DSC06512.jpg,4536356,IMAGE,4144,7360,(root)
f8d0cd_90b2518d72564d79950ca25d73f8f7a8.pdf,Anima License Agreement.pdf,59157,DOCUMENT,,,(root)
f8d0cd_92a7c816e20e41b19842444e36cce157~mv2.jpg,project 1.4.jpg,6441617,IMAGE,7200,4800,i shoot photos
f8d0cd_92ac5e3f52854d16bec4104f18596489~mv2.jpg,No.22.jpg,143827,IMAGE,1191,842,vol.2
f8d0cd_92ce1730e4bc496092b85ac48e17e32f~mv2.jpg,kkkkk-15.1.jpg,1259514,IMAGE,1335,2000,i shoot photos
f8d0cd_937adb68f59d4c5e8a5bf11adfc0e5a2~mv2.png,未命名作品 6.png,1079344,IMAGE,3508,2480,(root)
f8d0cd_9518d6947a4b49eba14b29c5b47b20c8~mv2.jpg,IMG_3344.jpg,1079716,IMAGE,1535,2291,(root)
f8d0cd_95280559686a4e8c850e82e2a36de0f6~mv2.png,Untitled_Artwork 14.png,857549,IMAGE,2480,3508,(root)
f8d0cd_95d7645cc8414976b3e52e50e164f542~mv2.jpg,Untitled_Artwork 27.jpg,1034172,IMAGE,2048,2048,ua
f8d0cd_96a50522004c41d793f74602f3e42dea~mv2.jpg,no32.jpg,181145,IMAGE,839,595,vol.3
f8d0cd_98bba51eac674bdb92857609bec8c02f,IMG_1678.mov,32168624,VIDEO,,,(root)
f8d0cd_99315849fde6481fb809094694c5a8da~mv2.jpg,Project 2.13.jpg,542427,IMAGE,2000,1333,i shoot photos
f8d0cd_996e4e738b4741e7be84bfe310fa3480~mv2.jpg,Untitled_Artwork 7.jpg,422715,IMAGE,2360,1640,(root)
f8d0cd_99f76a51f3204391961586183de4806f~mv2.png,Untitled_Artwork 13.png,1418949,IMAGE,2480,3508,(root)
f8d0cd_9a3f75b4c8a740f7b47e0d045ca52055~mv2.png,IMG_9161.heic,922411,IMAGE,1790,2915,green
f8d0cd_9b99203c8d82408ea1380e2e4da087b5~mv2.jpg,No.27.jpg,310674,IMAGE,1191,842,vol.2
f8d0cd_9bd92b8adc27417c9c5aa64d5bef094c~mv2.jpg,pj3.7.jpg,687148,IMAGE,1333,2000,i shoot photos
f8d0cd_9bdaa5061d74452c907280e2cf6cf345~mv2.jpg,Project 2.2.jpg,660461,IMAGE,2000,1333,i shoot photos
f8d0cd_9c77d554c860489399ba63465367535a~mv2.jpg,Untitled_Artwork 4.jpg,483934,IMAGE,3508,2480,(root)
f8d0cd_9d2b99d08c3e4a22836ddb2554c62ef8~mv2.jpg,IMG_5636 copy.jpg,742451,IMAGE,1535,2291,(root)
f8d0cd_9deeb829e268422b81f041dfc0ef6815~mv2.jpg,project ---32.jpg,143265,IMAGE,2000,1333,i shoot photos
f8d0cd_9df8596e61c74f01bac2859207949e6a~mv2.jpg,project -- 2.jpg,766634,IMAGE,2000,1333,(root)
f8d0cd_9ed02e8d6ff14c1e9e07d463adcb0e2e~mv2.jpg,Untitled_Artwork 17.jpg,2019674,IMAGE,4032,3024,(root)
f8d0cd_9ee9d2c47f284493aadd9773b0bc75cc~mv2.jpg,no313.jpg,265047,IMAGE,839,595,vol.3
f8d0cd_9f4e3fb292a04e528f9b32c549b2ec84~mv2.gif,Untitled_Artwork 3.gif,430441,IMAGE,3508,2480,(root)
f8d0cd_a105bcce42c8460b83e0cc5608090318~mv2.jpg,No.28.jpg,101887,IMAGE,1191,842,vol.2
f8d0cd_a18e99d6962248c1bf75c9463bfffe4a~mv2.gif,Untitled_Artwork 8.gif,400369,IMAGE,1241,2480,(root)
f8d0cd_a2246eb47f4d46adb2cf3fd78700d2d1~mv2.jpg,Untitled_Artwork 18.jpg,1853734,IMAGE,4032,3024,np
f8d0cd_a2565a1dabe1430d8486b4c9385d0d20~mv2.jpg,Untitled_Artwork 12.jpg,294047,IMAGE,1640,2360,(root)
f8d0cd_a271ecdfcf0a4c5e94ccdbe82fe60321~mv2.png,Untitled_Artwork 2.png,750705,IMAGE,2480,3508,(root)
f8d0cd_a305bb7b031b4aaa81f8a32ccfc27116~mv2.jpg,Untitled_Artwork 13.jpg,2268224,IMAGE,3508,2480,ua
f8d0cd_a316568bb21440c7b8dbcbdd29bb6c11~mv2.jpg,0000931-R01-1A-2.jpg,1175756,IMAGE,1535,2291,(root)
f8d0cd_a3d778dc993342f4bda0ddc5bf8b5559,My Movie 2.mov,30327795,VIDEO,,,(root)
f8d0cd_a686325b9e9746fca89572fc9dba9ece~mv2.jpg,IMG0473-R01-005A.jpg,1683090,IMAGE,2291,1535,(root)
f8d0cd_a7b6c9fd7bf944f6bf3f2f399eda0b40~mv2.jpg,some film.jpg,205563,IMAGE,595,842,波兰。1
f8d0cd_a7e917e423854dd682c125f877645e6d~mv2.jpg,IMG_9449.jpg,3673288,IMAGE,3024,4032,np
f8d0cd_a8d0c53068ec46b58fa18a926becd723~mv2.jpg,pj3.2.jpg,1014531,IMAGE,2000,1333,i shoot photos
f8d0cd_a906b53997f543a7a195695251a5059e~mv2.jpg,Untitled_Artwork 4.jpg,1967748,IMAGE,3024,4032,(root)
f8d0cd_a970ad8591874e468146080514478c44~mv2.jpg,Untitled_Artwork 21.jpg,1012201,IMAGE,3508,2480,(root)
f8d0cd_a9a8c766d0594508978d524eddbc6957~mv2.jpg,Art_Class.jpg,3282113,IMAGE,3508,2480,(root)
f8d0cd_a9bd9bb6026748e4981454dc36c3e9f6~mv2.jpg,Untitled_Artwork 17.jpg,734204,IMAGE,1366,1821,np
f8d0cd_aad90fb837a04ef8a7a1234ee2cd926b~mv2.jpg,Untitled_Artwork 19.jpg,706106,IMAGE,2224,1668,ua
f8d0cd_ab5151f32cd240b5a04017de1af90bf5~mv2.jpg,Untitled_Artwork 11.jpg,420197,IMAGE,1702,1276,(root)
f8d0cd_ae25429486514e5d921067776e3eccc2~mv2.jpg,Untitled_Artwork 31.jpg,5246863,IMAGE,7920,5280,ua
f8d0cd_ae9b062416694962b917c199f8fd5adc~mv2.jpg,Untitled_Artwork 29.jpg,1041376,IMAGE,3508,2480,(root)
f8d0cd_af80c462eabd4668b22e133d464e5e1c~mv2.jpg,Untitled_Artwork 25.jpg,2471225,IMAGE,3508,2480,ua
f8d0cd_aff715c9948c41208ac2d36ce7d1a407~mv2.jpg,Untitled_Artwork 13.jpg,2491641,IMAGE,3024,4032,(root)
f8d0cd_b03cda97cdb24b2c856bca526c42909b~mv2.jpg,Project 2.10.jpg,602644,IMAGE,2000,1333,i shoot photos
f8d0cd_b03f23b4dc2f4979bfbf8a47fe15ceea~mv2.jpg,no33.jpg,264763,IMAGE,839,595,vol.3
f8d0cd_b0553fbdb3f948a98773e53def6c76e0~mv2.jpg,project 1.8.jpg,25580039,IMAGE,7200,4800,i shoot photos
f8d0cd_b08911b4594a4f5eae8bca2642e380b4~mv2.png,Untitled_Artwork 12.png,728435,IMAGE,2480,3508,(root)
f8d0cd_b105565f95ac4414aa9755f6be5c3729~mv2.jpg,View with Perspective - 2020.JPG,2465937,IMAGE,2577,1748,ua
f8d0cd_b127cc6bd6cb47b0a891206e8434b723~mv2.png,Untitled_Artwork 2.png,130762,IMAGE,2360,1640,(root)
f8d0cd_b311282eb1cc46d5adbab3debd5fd3ca~mv2.jpg,IMG_3229.jpg,273064,IMAGE,1535,2291,(root)
f8d0cd_b4003bf64898411298926f3d925676e0~mv2.png,Untitled_Artwork 3.png,721117,IMAGE,2480,3508,(root)
f8d0cd_b40b42b9b35d4b7ab8d9664aceb6fa0d~mv2.jpg,Untitled_Artwork 25.jpg,763229,IMAGE,2048,2048,(root)
f8d0cd_b5601e47ea10469aa2eca8b7cd64554b~mv2.jpg,Untitled_Artwork 9.jpg,653282,IMAGE,1170,805,(root)
f8d0cd_b57004cd62454f818bb41705f2c7d1cc~mv2.png,Untitled_Artwork 5_edited.png,161444,IMAGE,2360,1640,(root)
f8d0cd_b5e2f6b070e349dda2a755dfd25d9c0e~mv2.jpg,Untitled_Artwork 3.jpg,717821,IMAGE,2048,2048,ua
f8d0cd_b637febe5dc54b0ca8fa3a4e79bd4f7e~mv2.jpg,pj3_edited.jpg,713046,IMAGE,2000,1333,i shoot photos
f8d0cd_b6e95e211bcf4182a978dcd4fd17ed93~mv2.jpg,Untitled_Artwork 2.jpg,1603312,IMAGE,2048,2048,ua
f8d0cd_b77ebb83a5bc4562b37f76573cf44028~mv2.jpg,some film17.jpg,250283,IMAGE,595,842,波兰。1
f8d0cd_b7945fe6fa95447e883f9b9ecbfaaaca~mv2.jpeg,WechatIMG413.jpeg,68372,IMAGE,1080,1528,(root)
f8d0cd_b88b47e3d39e49ac869bf11622ae13f1~mv2.jpg,project ---11.jpg,353866,IMAGE,2000,1333,i shoot photos
f8d0cd_b91a889c8e40447897f65a928975b72a~mv2.jpg,Untitled_Artwork 16.jpg,32570,IMAGE,343,343,(root)
f8d0cd_b965f5816a2f41febfb8e90951fea804~mv2.jpg,Untitled_Artwork 18.jpg,662668,IMAGE,2048,2048,(root)
f8d0cd_b99e9849cc524ef993798524f51b0cce~mv2.jpg,project ---10.jpg,184514,IMAGE,2000,1333,i shoot photos
f8d0cd_b9dcdc8b7cd74ab496ae853d37da69db~mv2.jpg,Untitled_Artwork 4.jpg,1248213,IMAGE,1170,1441,(root)
f8d0cd_ba48887130f04b9cb8b2fdad3df6658d~mv2.jpg,Untitled_Artwork 38.jpg,711641,IMAGE,2048,2048,ua
f8d0cd_ba9629fbd81440649799ebbd3534ca62~mv2.jpg,Untitled_Artwork 8.jpg,2739093,IMAGE,4032,3024,(root)
f8d0cd_bb185653d2d34c23ab4000cfc9dfb3f9~mv2.jpg,freefall-2020.JPG,2438792,IMAGE,2073,2572,ua
f8d0cd_bbb464fbcc9c45cdbff32412f35d3cfd~mv2.png,IMG_9166.heic,670747,IMAGE,1857,2764,green
f8d0cd_bcf5b867762e4c018f4140da054e20f8~mv2.png,IMG_9159.heic,658555,IMAGE,1793,2856,green
f8d0cd_bded3b373fef49428785c77c1d094e08~mv2.png,IMG_9155.heic,579209,IMAGE,1600,2461,green
f8d0cd_be15d832040b4bfba162283ce4a7d39e~mv2.jpg,Untitled_Artwork 13.jpg,286596,IMAGE,1080,1440,np
f8d0cd_be4a5bf847344dd7bedde7097ff487cc~mv2.jpg,Untitled_Artwork 11.jpg,531970,IMAGE,2480,3508,(root)
f8d0cd_bebc58cfe9764ba48edec8dfdcf3159e~mv2.jpg,Untitled_Artwork 29.jpg,951221,IMAGE,2500,2500,ua
f8d0cd_bf6d5a1338354d57b71442538fe2fabd~mv2.jpg,Project 2.8.jpg,414635,IMAGE,2000,1333,i shoot photos
f8d0cd_c0a3c5fe18304534931bc8d5846d30da~mv2.jpg,Joker 2.jpg,2152644,IMAGE,2480,3508,ua
f8d0cd_c0e5bfe24e784c179fb8d241e250bb5f~mv2.jpg,No.26.jpg,665799,IMAGE,1191,842,vol.2
f8d0cd_c1be5fcfa1e24b33b0116c4ff9ca4c05~mv2.jpg,No.2.jpg,13782,IMAGE,595,841,vol.2
f8d0cd_c1bf1950999d44eb88f61ea83a7ed27f~mv2.jpg,Untitled_Artwork 19.jpg,1049543,IMAGE,3508,2480,(root)
f8d0cd_c1fecb2ab5d94f5abe5b5ea414057b07~mv2.png,Screen Shot 2023-01-16 at 23.48.46.png,2493756,IMAGE,1424,990,ua
f8d0cd_c226b0f029004e2c89a54e3ec13d4c64~mv2.jpg,Untitled_Artwork 12.jpg,7706834,IMAGE,3024,4032,(root)
f8d0cd_c2f3f26685c6422f9ed8e551df5f89fb~mv2.jpg,some film15.jpg,125697,IMAGE,1191,842,波兰。1
f8d0cd_c4107402533e42bcbf310487e06afc90~mv2.jpg,Untitled_Artwork 30.jpg,909452,IMAGE,3508,2480,(root)
f8d0cd_c41b053b1a0b412c9b0055c9034a1024~mv2.jpg,Untitled_Artwork 21.jpg,2108043,IMAGE,2480,3508,(root)
f8d0cd_c43883cb1f2b47f28895752085254b32~mv2.jpg,Untitled_Artwork 21.jpg,580243,IMAGE,2360,1640,np
f8d0cd_c4629459f6a949279934b4695cf14145~mv2.jpg,Untitled_Artwork 23.jpg,2121842,IMAGE,2480,3508,np
f8d0cd_c6246f5ca45e4f40b4fb976b687d3f7a~mv2.jpg,IMG_3214.jpg,2284530,IMAGE,1535,2291,(root)
f8d0cd_c6382ceec9714c9d897cb40ee9449aa6~mv2.jpg,Untitled_Artwork 34.jpg,1457314,IMAGE,2048,2048,ua
f8d0cd_c68e9685a29a4f6cbc445a8f3226fb1d~mv2.jpg,Untitled_Artwork 36.jpg,660662,IMAGE,3508,2480,ua
f8d0cd_c79bd940cf25484fbd8af56801105352~mv2.jpg,Project 2.9.jpg,568013,IMAGE,1333,2000,i shoot photos
f8d0cd_c82a295d2e6e4c3b88485c4a692fb46e~mv2.jpg,pj3.8.jpg,727905,IMAGE,1333,2000,i shoot photos
f8d0cd_c8fd0581a9f845dcbed36f01f9ddf693~mv2.jpg,Untitled_Artwork 3.jpg,1294180,IMAGE,3508,2480,(root)
f8d0cd_c91ef56758bd46aca86b3fab4e700e16~mv2.jpg,no35.jpg,328952,IMAGE,839,595,vol.3
f8d0cd_c9cc1fd083c843de835531a476ed7bd2~mv2.jpg,1.11.jpg,753543,IMAGE,6369,4777,(root)
f8d0cd_cafd6a015be3430f83e3f27aaab95360,butterflyd.mov,121721927,VIDEO,,,(root)
f8d0cd_cb88d49c8b4a4015944ea3ee229bd876~mv2.jpg,Untitled_Artwork 20.jpg,964149,IMAGE,3508,2480,np
f8d0cd_cb8d766afb044f138cd67e0d1028f09f~mv2.jpg,IMG_5605.jpg,285176,IMAGE,1535,2291,(root)
f8d0cd_cb90650609894a7a8123b1c59675b45f~mv2.jpg,IMG_3257.jpg,1096735,IMAGE,2291,1535,(root)
f8d0cd_cbf3b28132fa46b49b51c244328dd7c2~mv2.jpg,Untitled_Artwork 9.jpg,607523,IMAGE,2360,1640,(root)
f8d0cd_cc49cf226b834597b82f212ecc94c67d~mv2.gif,Untitled_Artwork 6.gif,201089,IMAGE,879,1644,(root)
f8d0cd_cc914b1807fa4436873d783e85e76ab0~mv2.jpg,IMG0473-R01-000A_1.jpg,1197611,IMAGE,1535,2291,(root)
f8d0cd_ccdbdb526df944b89eee3fd2eec5b4d6~mv2.jpg,Untitled_Artwork 24.jpg,1236711,IMAGE,2480,3508,np
f8d0cd_cd9443b2aa394bb196ee821e735995d2~mv2.png,Untitled_Artwork 10.png,482855,IMAGE,3508,2480,(root)
f8d0cd_ce51b3d2efe84328a69007c8e294138a~mv2.jpg,Untitled_Artwork 5.jpg,1099702,IMAGE,1170,1206,(root)
f8d0cd_d042a57bce38495ea1cc7f96fa5c78e3~mv2.jpg,Untitled_Artwork 5.jpg,282019,IMAGE,2048,2048,(root)
f8d0cd_d0c7b6591c614a46afb1abda6a790b67~mv2.jpg,project 1.5.jpg,8609726,IMAGE,7200,4800,i shoot photos
f8d0cd_d0f524252f1d4e7fabb7adb4da205d66~mv2.gif,Untitled_Artwork 6.gif,185915,IMAGE,3508,2480,(root)
f8d0cd_d25174331e30467e8b89f2d87449e97e~mv2.jpg,no39.jpg,290093,IMAGE,839,595,vol.3
f8d0cd_d266b602c4e94ce2854701cec4a821d4~mv2.jpg,Untitled_Artwork 2.jpg,830058,IMAGE,3508,2480,(root)
f8d0cd_d2d51fd655c64881956d5acec2cbbd02~mv2.jpg,Untitled_Artwork 29.jpg,1082276,IMAGE,2048,2048,(root)
f8d0cd_d2f6201d14c945a890a5e36df54aeaf1~mv2.jpg,no37.jpg,196833,IMAGE,839,595,vol.3
f8d0cd_d34f893997b248e9a14a9b37a42d2219~mv2.png,Untitled_Artwork 6.png,157933,IMAGE,2360,1640,(root)
f8d0cd_d3a46fa55a5346fd90086352e1a766cb~mv2.jpg,IMG_5606.jpg,335471,IMAGE,1535,2291,(root)
f8d0cd_d3d24ce72efb40829b02ea6932a2c3f4~mv2.jpg,No.210.jpg,375986,IMAGE,1191,842,vol.2
f8d0cd_d429c2420d2d4844bcec191343548361~mv2.png,Screenshot 2024-12-29 at 10.23.08 AM.png,3732538,IMAGE,3248,1948,(root)
f8d0cd_d4638b7241454e43b0d00fa13dd8c28a~mv2.jpg,project ---35.jpg,817200,IMAGE,1333,2000,i shoot photos
f8d0cd_d4cd349dad564b919f043fd38dd9a818~mv2.png,Untitled_Artwork 1.png,786850,IMAGE,2480,3508,(root)
f8d0cd_d4e43c373cf34e6e938adbde0dcf1f5f~mv2.jpg,Untitled_Artwork.jpg,295861,IMAGE,2360,1640,(root)
f8d0cd_d4f25890f7de4d6bb57c321b58b2a89b~mv2.png,IMG_9164.heic,694234,IMAGE,1798,2764,green
f8d0cd_d5c6dc7a91ff472fabf35f248c6fdd5d~mv2.png,IMG_9162.heic,827421,IMAGE,1881,2704,green
f8d0cd_d60f6785e3494eda9b1806a0995d4c72~mv2.jpg,Untitled_Artwork 9.jpg,996021,IMAGE,1640,2360,ua
f8d0cd_d702643fafc6489cbcf8d0089a7ae014~mv2.jpg,Untitled_Artwork 20.jpg,849175,IMAGE,2360,1640,(root)
f8d0cd_d792d78fcd1f41d2acbd288eb1f453fa~mv2.jpg,no314.jpg,251304,IMAGE,839,595,vol.3
f8d0cd_d7c43230a079457ab15758a9546b93af~mv2.jpg,no34.jpg,206591,IMAGE,839,595,vol.3
f8d0cd_d7d53196214d46369d315f361c85c145~mv2.jpg,Untitled_Artwork 3.jpg,893105,IMAGE,2048,2048,(root)
f8d0cd_d88b549e64ad4f7fb2be5f51d1cf9deb,145.mov,2692416,VIDEO,,,(root)
f8d0cd_d91018871c69434f80a2d2b2d8005261~mv2.jpg,Untitled_Artwork 8.jpg,323833,IMAGE,2360,1640,ua
f8d0cd_d93089fdf994418db36b7160ed40bb4d~mv2.jpg,Untitled_Artwork 7.jpg,1455805,IMAGE,1276,1702,(root)
f8d0cd_d9d0f59aac8c417e9a27b009368dc8de~mv2.jpg,kk-8.jpg,650874,IMAGE,1333,2000,i shoot photos
f8d0cd_da245fe04ef34adb8a8b860d11cdceac~mv2.jpg,project 1.1.jpg,5727713,IMAGE,7200,4800,i shoot photos
f8d0cd_da257a271baf4c2a9cf0fa74a25f1b0f~mv2.jpg,IMG_3269.jpg,635287,IMAGE,1535,2291,(root)
f8d0cd_daf3213b6c1a4b22935a7d04bdc77e1c~mv2.jpg,project 1.3.jpg,5951133,IMAGE,7200,4800,i shoot photos
f8d0cd_db04c1cf097445e1ade306a35184bcb9~mv2.gif,Untitled_Artwork.gif,943272,IMAGE,480,339,(root)
f8d0cd_db3c8dca553040e6be52a3e5cbf69ee6~mv2.jpg,O.jpg,818736,IMAGE,2360,1640,ua
f8d0cd_dce9bebecf394785a6ec5ca1f6b9cd9b~mv2.png,Untitled_Artwork 2.png,612291,IMAGE,2048,2048,(root)
f8d0cd_de3f6ce8151f48bb970fbc256998f499~mv2.jpg,No.214.jpg,197251,IMAGE,1191,842,vol.2
f8d0cd_e062b55dec224da5be98a3d34a6a8660~mv2.jpg,IMG_1841.JPG,551488,IMAGE,1248,1728,ua
f8d0cd_e1376569e07f4e46a42e5f37e7b0ff6c~mv2.png,Untitled_Artwork 12.png,569185,IMAGE,2360,1640,(root)
f8d0cd_e1725e5c445d47f485d58ea4f016db92~mv2.jpg,No.2.jpg,24067,IMAGE,595,842,vol.2
f8d0cd_e331e4464c8749f19e07a3f4e97a5fea~mv2.png,IMG_9158.heic,795964,IMAGE,1762,2820,green
f8d0cd_e3875127d5a34bb285515116a25c7b10~mv2.jpg,some film10.jpg,188807,IMAGE,1191,842,波兰。1
f8d0cd_e567fccece8149f4b0636ccd342f69b5~mv2.jpg,some film11.jpg,426527,IMAGE,1191,842,波兰。1
f8d0cd_e6317660e314445f805bbc48f9ae42bc~mv2.jpg,kkkkk-4 copy.jpg,2312267,IMAGE,951,1689,(root)
f8d0cd_e639fb821b4f4967b59d5b6a01be8825~mv2.jpg,Untitled_Artwork 8_edited.jpg,290969,IMAGE,578,1059,(root)
f8d0cd_e6d6480f13d747e0ab49302383439ed0~mv2.jpg,Untitled_Artwork 2.jpg,710990,IMAGE,2048,2048,(root)
f8d0cd_e7920b0b9a0f422499fc4d619a189c61~mv2.jpg,Untitled_Artwork 22.jpg,1569601,IMAGE,3508,2480,ua
f8d0cd_e7c408b3e2e84a4aa73b992371d73a03~mv2.jpg,Untitled_Artwork 12.jpg,2140125,IMAGE,4032,3024,np
f8d0cd_e867a0d25b494a6eaddf3d38758e495b~mv2.gif,BD76E207-009B-4C39-80E5-A8E44FB5E864.gif,5135153,IMAGE,2480,3508,(root)
f8d0cd_e97830c7e9ab4e1ea68bd39c1dd5ddbd~mv2.jpg,DSC06462 copy.jpg,4153298,IMAGE,1992,3320,(root)
f8d0cd_e99d0ab3570c4ec5b77df9c5cfa8da0f~mv2.jpg,kkkkk-30.jpg,479238,IMAGE,1126,2000,(root)
f8d0cd_e9b9ac1cee2d492bb7b5249afa036207~mv2.jpg,Untitled_Artwork 5.jpg,2545869,IMAGE,3024,4032,(root)
f8d0cd_ed6e10a06a6f4f47bafee398f0009758~mv2.jpg,project ---64.jpg,335730,IMAGE,2000,1333,i shoot photos
f8d0cd_ef4b040508d54c36aa2b9685fc6cd91f~mv2.png,Screen Shot 2023-01-16 at 23.48.53.png,2433030,IMAGE,1410,942,ua
f8d0cd_efdd2c309add4f809d30a20c50c855ad~mv2.jpg,Untitled_Artwork 9.jpg,1972812,IMAGE,4032,3024,(root)
f8d0cd_f08398492e164bd699117a4dfcc9d9c6~mv2.jpg,Untitled_Artwork 4.jpg,285974,IMAGE,1800,1200,ua
f8d0cd_f138a223f2cc4acba3efeccf9c041fd4~mv2.gif,Untitled_Artwork 2.gif,35749,IMAGE,480,480,(root)
f8d0cd_f1fd1635c6b14c70929cbe09f39f87a5~mv2.jpg,Untitled_Artwork 21.jpg,1569040,IMAGE,3508,2480,ua
f8d0cd_f1ff2ff77cf2467bb1346ef1f2c92a62~mv2.jpg,project ---60.jpg,352697,IMAGE,2000,1333,i shoot photos
f8d0cd_f278fa71abcc423d98714755935a6563~mv2.jpg,Untitled_Artwork 6.jpg,360407,IMAGE,2048,2048,(root)
f8d0cd_f3e7991c9cfd4b4da7b09b1f66f807f0~mv2.png,IMG_4597.png,20053169,IMAGE,3648,5472,(root)
f8d0cd_f4903c9922ab4bce8da263680b81c648~mv2.jpg,No.211.jpg,385788,IMAGE,1191,842,vol.2
f8d0cd_f4aa42e15505444c939f56ae04e34f16,142.mov,550407,VIDEO,,,(root)
f8d0cd_f570788b4cff44d59fc751ec3b55a8e6~mv2.jpg,未命名作品.jpg,365151,IMAGE,2048,2048,(root)
f8d0cd_f5dad9ce6aed44c3bd630751be918f97~mv2.jpg,kkkkk-64.jpg,1045093,IMAGE,2000,1335,(root)
f8d0cd_f6075224fe394a79b227e82aa927e315~mv2.gif,Untitled_Artwork 3.gif,3697409,IMAGE,3508,2480,(root)
f8d0cd_f6385488e8504d96bd4dc95a04a2526f~mv2.jpg,Untitled_Artwork 16.jpg,898852,IMAGE,2071,2761,np
f8d0cd_f6af7d2e24d74ce28aa749601e4f00fc~mv2.jpg,Project 2.11.jpg,698414,IMAGE,2000,1333,i shoot photos
f8d0cd_f7607a25e032434caa05b6231ec1eb2c~mv2.jpg,Untitled_Artwork 20.jpg,1030114,IMAGE,3508,2480,(root)
f8d0cd_f880e0e1bfd84b07991026c97333e1dc~mv2.jpg,Mickey_bob.jpg,1060993,IMAGE,2480,3508,np
f8d0cd_f8c1dc64d2d944dfbefc71308aec57a8,kaku.mp4,58745178,VIDEO,,,(root)
f8d0cd_f9471226ffa044a38ecfc7e37d90b835~mv2.jpg,kk-7.jpg,598947,IMAGE,1333,2000,i shoot photos
f8d0cd_f95c713316f548f2ac3ef95164f4a716~mv2.jpg,Untitled_Artwork 22.jpg,1635796,IMAGE,2480,3508,np
f8d0cd_f96d5ac6adb2455c991a971cc45f878f~mv2.jpg,some film16.jpg,383937,IMAGE,1191,842,波兰。1
f8d0cd_fa8858a805f742d5b8b0b38ccaf23521~mv2.jpg,IMG0475-R01-007A.jpg,1494436,IMAGE,1535,2291,(root)
f8d0cd_fb2252451d5446388741f5634f775450~mv2.jpg,pj3.1.jpg,361549,IMAGE,1125,2000,i shoot photos
f8d0cd_fb8ae517f6c542fa91ca8322ad1bf0c5~mv2.png,IMG_9160.heic,686980,IMAGE,1771,2772,green
f8d0cd_fbcf6a27474041719f351671191a5485,butterflyd.mov,41895001,VIDEO,,,(root)
f8d0cd_fd8bbe6fb2e04736883c85bb35460f36~mv2.png,Untitled_Artwork 2.png,1575029,IMAGE,2480,3508,(root)
f8d0cd_fe4308d4e87f497cb4c511ec42cbd619~mv2.jpg,0000931-R01-00-00A.jpg,1310538,IMAGE,1535,2291,(root)
f8d0cd_fe7cc2f327484226838cf19dd816c94b~mv2.jpg,kk-20.jpg,510995,IMAGE,1333,2000,i shoot photos
f8d0cd_fe82caf0d10a43ab9127fca68eb77b21~mv2.jpg,IMG_5595.jpg,1330666,IMAGE,1535,2291,(root)
f8d0cd_feaa0cb4bde44e838c3adadcb4a60fc1~mv2.jpg,s.jpg,7774087,IMAGE,7360,4368,(root)
f8d0cd_fee9ad3fe429489d92888314e3dc2b3c~mv2.jpg,IMG0475-R01-011A.jpg,1453943,IMAGE,1535,2291,(root)
