slug,url,title,meta_description,media_files_referenced,features,visible_text_excerpt,external_links
about,https://www.yezhang.net/about,ABOUT | YE ZHANG,,0,wix-form,ABOUT | YE ZHANG | HOME | ABOUT | i don't smoke | first of all | i like being creative | name is Ye | i create EVERYTHING on this site | continue exploring my thoughts | or go home | ​wanna say something to YE | SEND | thank you! | yezhang1@usc.edu,https://instagram.com/ye_zhangy?igshid=NDk5N2NlZjQ=;https://open.spotify.com/user/tjts289z0g0fzcorg5og3wzba?si=012306953c47478e
aboutme,https://www.yezhang.net/aboutme,about me | YE ZHANG,,0,,about me | YE ZHANG | i like being creative | 2025 USC Trojan | Ye Zhang | this is my Trojan | continue exploring my portfolio | ​wanna say something to YE | SEND | thank you! | yezhang1@usc.edu,https://instagram.com/ye_zhangy?igshid=NDk5N2NlZjQ=;https://open.spotify.com/user/tjts289z0g0fzcorg5og3wzba?si=012306953c47478e
arcgis,https://www.yezhang.net/arcgis,ArcGIS | YE ZHANG,,0,,ArcGIS | YE ZHANG | HOME,
archive,https://www.yezhang.net/archive,session.ARCHIVE | YE ZHANG,,9,,session.ARCHIVE | YE ZHANG | HOME | session.ARCHIVE | ABOUT | 1/3,
art,https://www.yezhang.net/art,selected artwork | YE ZHANG,,67,pro-gallery,selected artwork | YE ZHANG | HOME,
blank,https://www.yezhang.net/blank,New Page | YE ZHANG,,0,,New Page | YE ZHANG,
book-no-1,https://www.yezhang.net/book-no-1,brain cell no.1 | YE ZHANG,,0,,brain cell no.1 | YE ZHANG | BACK,
brain-cell-no-2,https://www.yezhang.net/brain-cell-no-2,brain cell no.2 | YE ZHANG,,0,,brain cell no.2 | YE ZHANG | BACK,
brain-cell-no-3,https://www.yezhang.net/brain-cell-no-3,brain cell no.3 | YE ZHANG,,0,,brain cell no.3 | YE ZHANG | BACK,
cdtc,https://www.yezhang.net/cdtc,CDTC | YE ZHANG,,0,,CDTC | YE ZHANG | BACK,
chill,https://www.yezhang.net/chill,CHILL IMMERSE | YE ZHANG,,0,,CHILL IMMERSE | YE ZHANG | BACK,
city-vision,https://www.yezhang.net/city-vision,CITY VISION | YE ZHANG,,1,slicebox-iframe,CITY VISION | YE ZHANG | HOME | CITY VISION | ABOUT,
cloudss,https://www.yezhang.net/cloudss,cloud drawings | YE ZHANG,,0,,cloud drawings | YE ZHANG | HOME | IN HONOR OF MY BEST FRIEND | 小虎 | ONE DAY | I WAS LOOKING INTO THE SKY | I SAW YOU | WISH I COULD FLY | TOGETHER | WE COULD LIVE THE BEST LIFE | ​ | YOU INSPIRED ME | TO LOOK UP HIGH,
copy-of-magazine,https://www.yezhang.net/copy-of-magazine,vol.1 | YE ZHANG,,0,slideshow,vol.1 | YE ZHANG | HOME | magaZINE | ABOUT | back,
copy-of-notice,https://www.yezhang.net/copy-of-notice,under maintenace | YE ZHANG,,0,,under maintenace | YE ZHANG | UNDER MAINTENANCE | BACK,
copy-of-vol-1,https://www.yezhang.net/copy-of-vol-1,vol.2 | YE ZHANG,,0,slideshow,vol.2 | YE ZHANG | HOME | magaZINE | ABOUT | back,
copy-of-vol-2,https://www.yezhang.net/copy-of-vol-2,vol.3 | YE ZHANG,,0,slideshow,vol.3 | YE ZHANG | HOME | magaZINE | ABOUT | back,
dance,https://www.yezhang.net/dance,DANCE IMMERSE | YE ZHANG,,0,,DANCE IMMERSE | YE ZHANG | BACK,
dream,https://www.yezhang.net/dream,flower | YE ZHANG,,7,,flower | YE ZHANG | BACK,
fire,https://www.yezhang.net/fire,FIRE IMMERSE | YE ZHANG,,0,,FIRE IMMERSE | YE ZHANG | BACK,
green,https://www.yezhang.net/green,green | YE ZHANG,,0,,green | YE ZHANG | BACK,
hmm,https://www.yezhang.net/hmm,hmm | YE ZHANG,,4,,hmm | YE ZHANG | BACK,
home,https://www.yezhang.net/home,This is Ye Zhang,this is a random creative site for yezhang,0,,This is Ye Zhang | THOUGHTS | NOTEpad | 「CITY VISION」 | magaZINE | I SHOOT PHOTOS NOW | ARTWORK | untitled | some RANDOM photos edits | session.ARCHIVE | SEND | thank you! | ©️2022-2023 YeZhang. All Rights Reserved. | yezhang1@usc.edu,https://instagram.com/ye_zhangy?igshid=NDk5N2NlZjQ=;https://open.spotify.com/user/tjts289z0g0fzcorg5og3wzba?si=012306953c47478e
ideation,https://www.yezhang.net/ideation,random ideation | YE ZHANG,,0,,"random ideation | YE ZHANG | HOME | brain cell no.1 | PROJECT GREEN | brain cell no.2 | ""CAN'T DRAW TOO COLD"" | ICELAND | BRAINCELL | brain cell no.3",
(home),https://www.yezhang.net/,WELCOME | YE ZHANG,,0,,WELCOME | YE ZHANG | WELCOME,
magazine,https://www.yezhang.net/magazine,magaZINE | YE ZHANG,,0,slideshow,magaZINE | YE ZHANG | HOME | magaZINE | ABOUT | vol .1 | vol .2 | vol .3 | edits,
motion,https://www.yezhang.net/motion,Motion | YE ZHANG,,0,,Motion | YE ZHANG | HOME | IMMERSE | IMMERSE | IMMERSE | IMMERSE,
my-clothing-brand,https://www.yezhang.net/my-clothing-brand,my clothing brand | YE ZHANG,,0,youtube,"my clothing brand | YE ZHANG | HOME | WEBSITE PORTAL | GALLERY | Play Video | Facebook | Twitter | Pinterest | Tumblr | Copy Link | Link Copied | Now Playing | 430 CH.3 ""RUN"" Trailer | 03:26 | Play Video | Now Playing | 430 CHAPTER II ""Shhh"" Trailer | 04:28 | Play Video | Now Playing | 430 BETA TEST",https://www.youtube.com/embed/3kkWA_Xkgn4;https://www.youtube.com/embed/86fvtw11Eb8;https://www.youtube.com/embed/fX6B-T_uWkM
notice,https://www.yezhang.net/notice,notice | YE ZHANG,,0,,notice | YE ZHANG | PORTFOLIO MODE | EXPLORE WITH CURIOSITY,
np,https://www.yezhang.net/np,NOTEpad | YE ZHANG,,0,,NOTEpad | YE ZHANG | HOME | NOTEpad | ABOUT | IN HONOR OF MY BEST FRIEND | 小虎 | ONE DAY | I WAS LOOKING INTO THE SKY | I SAW YOU | WISH I COULD FLY | TOGETHER | WE COULD LIVE THE BEST LIFE | ​ | YOU INSPIRED ME | LOOKING UP HIGH | WISH TO SEE YOU ONE MORE TIME,
order,https://www.yezhang.net/order,order | YE ZHANG,,0,wix-form,order | YE ZHANG | BACK | GET A FREE COPY OF THE ZINE | First name | Last name | Email | Phone | Address | Issue# | vol. 1 | vol. 2 | vol. 3 | REQUEST,
photography,https://www.yezhang.net/photography,Photography | YE ZHANG,,25,pro-gallery,Photography | YE ZHANG | HOME | everyday shooting,
photomagazine,https://www.yezhang.net/photomagazine,My Photo Magazine | YE ZHANG,,0,slideshow,My Photo Magazine | YE ZHANG | HOME | vol .1 | vol .2 | vol .3 | click  on  the  magazine,
photos,https://www.yezhang.net/photos,I SHOOT PHOTOS NOW | YE ZHANG,,3,,I SHOOT PHOTOS NOW | YE ZHANG | HOME | I SHOOT PHOTOS NOW | ABOUT | 1/10 | still working on it,
portfolio,https://www.yezhang.net/portfolio,This is Ye Zhang,this is a random creative site for yezhang,0,,This is Ye Zhang | Zine | Motion Edits | Illutrations | Photography | ArcGIS Project | Clothing & Fabrics | Clouds | Archive | name is Ye Zhang | random ideation | ©️2025 YeZhang. All Rights Reserved. | yezhang1@usc.edu,https://instagram.com/ye_zhangy?igshid=NDk5N2NlZjQ=;https://open.spotify.com/user/tjts289z0g0fzcorg5og3wzba?si=012306953c47478e
sessionarchive,https://www.yezhang.net/sessionarchive,session.archive | YE ZHANG,,9,,session.archive | YE ZHANG | HOME | 1/3,
shuffle,https://www.yezhang.net/shuffle,SHUFFLE | YE ZHANG,,0,,SHUFFLE | YE ZHANG | HOME,
skin,https://www.yezhang.net/skin,SKIN IMMERSE | YE ZHANG,,0,,SKIN IMMERSE | YE ZHANG | BACK,
some-random-photos-edits,https://www.yezhang.net/some-random-photos-edits,some RANDOM photos edits | YE ZHANG,,0,,some RANDOM photos edits | YE ZHANG | HOME | some RANDOM photos edits | ABOUT | session. Dec 2022,
thoughtss,https://www.yezhang.net/thoughtss,THOUGHTS | YE ZHANG,,0,,"THOUGHTS | YE ZHANG | HOME | THOUGHTS | ABOUT | brain cell no.1 | PROJECT GREEN | brain cell no.2 | ""CAN'T DRAW TOO COLD"" | ICELAND | BRAINCELL | brain cell no.3",
typeface,https://www.yezhang.net/typeface,typeface | YE ZHANG,,1,pro-gallery;google-drive-link,typeface | YE ZHANG | HOME | DOWNLOAD IT NOW,https://drive.google.com/file/d/15RBA6kJRwmavLavlhPaU0UvsdnrbD1E-/view?usp=drive_link
ua,https://www.yezhang.net/ua,untitled ARTWORK | YE ZHANG,,67,pro-gallery,untitled ARTWORK | YE ZHANG | HOME | untitled ARTWORK | ABOUT,
who,https://www.yezhang.net/who,paul | YE ZHANG,,9,,paul | YE ZHANG | BACK,
zineone,https://www.yezhang.net/zineone,Zine 1 | YE ZHANG,,0,slideshow,Zine 1 | YE ZHANG | BACK | GET A FREE PHYSICAL COPY,
zinethree,https://www.yezhang.net/zinethree,Zine 3 | YE ZHANG,,0,slideshow,Zine 3 | YE ZHANG | BACK | GET A FREE PHYSICAL COPY,
zinetwo,https://www.yezhang.net/zinetwo,Zine 2 | YE ZHANG,,0,slideshow,Zine 2 | YE ZHANG | BACK | GET A FREE PHYSICAL COPY,
可以,https://www.yezhang.net/可以,ok | YE ZHANG,,0,,ok | YE ZHANG | BACK,
