wix_id,original_file,output,width,height
11062b_76b6d42cdb574d28ba1c78cac5cbc6de~mv2.png,extra/11062b_76b6d42cdb574d28ba1c78cac5cbc6de__11062b_76b6d42cdb574d28ba1c78cac5cbc6de~mv2.png,/media/76b6d42cdb574d,201,201
f8d0cd_008ecc0fd44f4483bbf08b2a6bc45723~mv2.png,wix-media/root/f8d0cd_008ecc0fd44f4483bbf08b2a6bc45723__Untitled_Artwork 3.png,/media/008ecc0fd44f44,2360,1640
f8d0cd_00980d4df2a242d0b597d6455f63e0a1~mv2.jpg,wix-media/波兰。1/f8d0cd_00980d4df2a242d0b597d6455f63e0a1__some film3.jpg,/media/00980d4df2a242,1191,842
f8d0cd_00f48cca1d3b4efc9c6a32cbc4d768b6~mv2.jpg,wix-media/root/f8d0cd_00f48cca1d3b4efc9c6a32cbc4d768b6__Untitled_Artwork 13.jpg,/media/00f48cca1d3b4e,640,480
f8d0cd_0226787122e34c88a561b51ff4c0224f~mv2.jpg,wix-media/ua/f8d0cd_0226787122e34c88a561b51ff4c0224f__Untitled_Artwork 39.jpg,/media/0226787122e34c,3508,2480
f8d0cd_0244cde45b384a3c87db80b80065e204~mv2.jpg,wix-media/root/f8d0cd_0244cde45b384a3c87db80b80065e204__Untitled_Artwork 9.jpg,/media/0244cde45b384a,2048,2048
f8d0cd_02db0cb7a5fa43cfaa81c0a5cf362111~mv2.jpg,wix-media/root/f8d0cd_02db0cb7a5fa43cfaa81c0a5cf362111__20-21_Saviiii.jpg,/media/02db0cb7a5fa43,2048,2048
f8d0cd_071d455923514b548784a3276b2fd53f~mv2.png,wix-media/root/f8d0cd_071d455923514b548784a3276b2fd53f__Untitled_Artwork 8.png,/media/071d455923514b,2048,2048
f8d0cd_0759a5e94c804c69b1cfe4bbb1f31c51~mv2.jpg,wix-media/root/f8d0cd_0759a5e94c804c69b1cfe4bbb1f31c51__k 2 copy.jpg,/media/0759a5e94c804c,2000,1333
f8d0cd_09d2e9d4b4ad4a3098589447a8e77dfa~mv2.jpg,wix-media/ua/f8d0cd_09d2e9d4b4ad4a3098589447a8e77dfa__Untitled_Artwork 33.jpg,/media/09d2e9d4b4ad4a,2048,2048
f8d0cd_09dc1e70fe884f1bb2bca9a36942cdf2~mv2.jpg,wix-media/root/f8d0cd_09dc1e70fe884f1bb2bca9a36942cdf2__Untitled_Artwork 10.jpg,/media/09dc1e70fe884f,2048,2048
f8d0cd_0aaf1910661649e4ac901153d929ac73~mv2.jpg,wix-media/vol.2/f8d0cd_0aaf1910661649e4ac901153d929ac73__No.213.jpg,/media/0aaf1910661649,1191,842
f8d0cd_0b0af55ced324861937797115abcad0b~mv2.jpg,wix-media/root/f8d0cd_0b0af55ced324861937797115abcad0b__未命名作品.jpg,/media/0b0af55ced3248,2737,3649
f8d0cd_0c4c7ca707f74f2bb1bee6a005084392~mv2.png,wix-media/green/f8d0cd_0c4c7ca707f74f2bb1bee6a005084392__IMG_9154.heic,/media/0c4c7ca707f74f,1649,2479
f8d0cd_0c624b486fa34ba7ac3169ab54ca0946~mv2.gif,wix-media/root/f8d0cd_0c624b486fa34ba7ac3169ab54ca0946__Untitled_Artwork 10.gif,/media/0c624b486fa34b,1640,2360
f8d0cd_0d85cf2375604fbe9c060967cc307c37~mv2.jpg,wix-media/root/f8d0cd_0d85cf2375604fbe9c060967cc307c37__Crocodile_.jpg,/media/0d85cf2375604f,3508,2480
f8d0cd_0e1c0db613a444a594ac99d92408dcf5~mv2.jpg,wix-media/i shoot photos/f8d0cd_0e1c0db613a444a594ac99d92408dcf5__Project 2.7.jpg,/media/0e1c0db613a444,2000,1333
f8d0cd_0e9aa5f27c9d4d9dbe9744597f2e9bce~mv2.jpg,wix-media/root/f8d0cd_0e9aa5f27c9d4d9dbe9744597f2e9bce__IMG0473-R01-006A.jpg,/media/0e9aa5f27c9d4d,2291,1535
f8d0cd_0f12c18d51514788996329f3e064a27c~mv2.png,wix-media/root/f8d0cd_0f12c18d51514788996329f3e064a27c__Untitled_Artwork 4.png,/media/0f12c18d515147,2480,3508
f8d0cd_0fc6443266c241ac84f3fd3bbc28623d~mv2.jpg,zhaeng-media/root/f8d0cd_0fc6443266c241ac84f3fd3bbc28623d__IMG_4376.jpg,/media/0fc6443266c241,704,704
f8d0cd_104c00b67fcd4b108018f9d1a5042d11~mv2.jpg,wix-media/root/f8d0cd_104c00b67fcd4b108018f9d1a5042d11__Untitled_Artwork 3.jpg,/media/104c00b67fcd4b,3508,2480
f8d0cd_10520832e5a745f2a2ccc198cf1786b0~mv2.jpg,wix-media/ua/f8d0cd_10520832e5a745f2a2ccc198cf1786b0__Untitled_Artwork 17.jpg,/media/10520832e5a745,3508,2480
f8d0cd_10ad4b0fd3bc426391d53e3e11e4d987~mv2.jpg,wix-media/i shoot photos/f8d0cd_10ad4b0fd3bc426391d53e3e11e4d987__Jesus Saves.jpg,/media/10ad4b0fd3bc42,2000,1335
f8d0cd_11fee8d12d7646bea65439b8a3410d26~mv2.jpg,wix-media/root/f8d0cd_11fee8d12d7646bea65439b8a3410d26__Untitled_Artwork 14.jpg,/media/11fee8d12d7646,4032,3024
f8d0cd_12a6810373104280a3a8a3c651949fd3~mv2.jpg,zhaeng-media/root/f8d0cd_12a6810373104280a3a8a3c651949fd3__dafs.jpg,/media/12a68103731042,1111,1993
f8d0cd_13840f0544d1464e8decf97b88d3b9f4~mv2.jpg,wix-media/i shoot photos/f8d0cd_13840f0544d1464e8decf97b88d3b9f4__Project 2.6.jpg,/media/13840f0544d146,1333,2000
f8d0cd_13e6f06ab49e43cca3b701aed23fc664~mv2.jpg,wix-media/i shoot photos/f8d0cd_13e6f06ab49e43cca3b701aed23fc664__pj3.9.jpg,/media/13e6f06ab49e43,1333,2000
f8d0cd_14b5a3600e0746bdb68de36785c0aa55~mv2.jpg,wix-media/vol.2/f8d0cd_14b5a3600e0746bdb68de36785c0aa55__No.215.jpg,/media/14b5a3600e0746,595,842
f8d0cd_14c93c6f057b415eb2bb44901249dd89~mv2.jpg,wix-media/波兰。1/f8d0cd_14c93c6f057b415eb2bb44901249dd89__some film9.jpg,/media/14c93c6f057b41,1191,842
f8d0cd_151668a7240a4134bf372a1889cf42ac~mv2.jpg,wix-media/vol.3/f8d0cd_151668a7240a4134bf372a1889cf42ac__no38.jpg,/media/151668a7240a41,839,595
f8d0cd_1602d2dad4ad4e039f24ab1a98a5c827~mv2.jpg,wix-media/root/f8d0cd_1602d2dad4ad4e039f24ab1a98a5c827__Untitled_Artwork 24.jpg,/media/1602d2dad4ad4e,2048,2048
f8d0cd_1664262e3a9b4302b5df87e7598629e1~mv2.jpg,wix-media/ua/f8d0cd_1664262e3a9b4302b5df87e7598629e1__Untitled_Artwork 32.jpg,/media/1664262e3a9b43,3508,2480
f8d0cd_1676898bddf94c9aa8027dd6f59d0bbc~mv2.jpg,wix-media/root/f8d0cd_1676898bddf94c9aa8027dd6f59d0bbc__Untitled_Artwork 7.jpg,/media/1676898bddf94c,2048,2048
f8d0cd_171dfe933b21441ba6746ec5d12a3d90~mv2.jpg,wix-media/ua/f8d0cd_171dfe933b21441ba6746ec5d12a3d90__Untitled_Artwork 23.jpg,/media/171dfe933b2144,3508,2480
f8d0cd_17857a368ff441ef9b3b806d9f24650a~mv2.png,wix-media/root/f8d0cd_17857a368ff441ef9b3b806d9f24650a__Untitled_Artwork 1.png,/media/17857a368ff441,2360,1640
f8d0cd_1796180e1fca46c5b3449d66dae0bf11~mv2.jpg,wix-media/波兰。1/f8d0cd_1796180e1fca46c5b3449d66dae0bf11__some film5.jpg,/media/1796180e1fca46,1191,842
f8d0cd_17b45bb095f840f2864fdf2be3cfccc1~mv2.jpg,wix-media/root/f8d0cd_17b45bb095f840f2864fdf2be3cfccc1__Mickey_bob.jpg,/media/17b45bb095f840,2480,3508
f8d0cd_17dc3ae48fcb4d29afd6eb35536e3c73~mv2.png,wix-media/root/f8d0cd_17dc3ae48fcb4d29afd6eb35536e3c73__Screen Shot 2023-08-02 at 18.22.03.png,/media/17dc3ae48fcb4d,1274,1666
f8d0cd_1830413229ea4d98a0a41c5b403379f3~mv2.jpg,wix-media/root/f8d0cd_1830413229ea4d98a0a41c5b403379f3__hiuh.jpg,/media/1830413229ea4d,2000,1124
f8d0cd_185aa00377954e18be2e3180d722c302~mv2.jpg,wix-media/i shoot photos/f8d0cd_185aa00377954e18be2e3180d722c302__kk.jpg,/media/185aa00377954e,1125,2000
f8d0cd_18670ebf6c144a8eb248a0a3c77df19b~mv2.jpg,wix-media/i shoot photos/f8d0cd_18670ebf6c144a8eb248a0a3c77df19b__project ---9.jpg,/media/18670ebf6c144a,2000,1333
f8d0cd_1ae04efe728a40fab0eb306c865db9ee~mv2.jpg,wix-media/波兰。1/f8d0cd_1ae04efe728a40fab0eb306c865db9ee__some film13.jpg,/media/1ae04efe728a40,1191,842
f8d0cd_1be117882a6042dfb949226865538663~mv2.jpg,wix-media/root/f8d0cd_1be117882a6042dfb949226865538663__project 1.10.jpg,/media/1be117882a6042,7200,4800
f8d0cd_1dab2e3ef9bb44b89074830beb073483~mv2.jpg,wix-media/np/f8d0cd_1dab2e3ef9bb44b89074830beb073483__Untitled_Artwork 11.jpg,/media/1dab2e3ef9bb44,3024,4032
f8d0cd_1dbd85ff79554abb8b79044ab8ed006a~mv2.jpg,wix-media/root/f8d0cd_1dbd85ff79554abb8b79044ab8ed006a__Untitled_Artwork 11.jpg,/media/1dbd85ff79554a,3508,2480
f8d0cd_1e1991b261554a3fba74c6dc6956b89e~mv2.jpg,wix-media/i shoot photos/f8d0cd_1e1991b261554a3fba74c6dc6956b89e__IMG0307-R01-010.jpg,/media/1e1991b261554a,1830,2740
f8d0cd_1e1aa9302a5c4802ad3a513ca5926b37~mv2.jpg,wix-media/root/f8d0cd_1e1aa9302a5c4802ad3a513ca5926b37__j.jpg,/media/1e1aa9302a5c48,2000,1333
f8d0cd_1f5c2e762925427d971c5060a8e55dfa~mv2.jpg,wix-media/root/f8d0cd_1f5c2e762925427d971c5060a8e55dfa__Untitled_Artwork 8.jpg,/media/1f5c2e76292542,2360,1640
f8d0cd_1fb143b3eeb643b38f889f6cdd0f4b3b~mv2.jpg,wix-media/root/f8d0cd_1fb143b3eeb643b38f889f6cdd0f4b3b__未命名作品 2.jpg,/media/1fb143b3eeb643,1170,1168
f8d0cd_1ff2805381a6458490e022e4af8be2c1~mv2.jpg,wix-media/root/f8d0cd_1ff2805381a6458490e022e4af8be2c1__DSC06953.jpg,/media/1ff2805381a645,7360,4144
f8d0cd_207f367f0cf048bf9326c95a478246be~mv2.jpg,wix-media/i shoot photos/f8d0cd_207f367f0cf048bf9326c95a478246be__kkkkk-56.jpg,/media/207f367f0cf048,1335,2000
f8d0cd_2109e4938d1b47858ed313de279109ad~mv2.jpg,wix-media/ua/f8d0cd_2109e4938d1b47858ed313de279109ad__Untitled_Artwork 6.jpg,/media/2109e4938d1b47,2360,1640
f8d0cd_21bedd9d24fe48ce92a21da9f04769cf~mv2.jpg,wix-media/vol.2/f8d0cd_21bedd9d24fe48ce92a21da9f04769cf__No.23.jpg,/media/21bedd9d24fe48,1191,842
f8d0cd_229e3537d6984598b867ae01e93414c5~mv2.jpg,wix-media/np/f8d0cd_229e3537d6984598b867ae01e93414c5__Crocodile_.jpg,/media/229e3537d69845,3508,2480
f8d0cd_22c1d43d033f486fa73edc8e00b6e2e9~mv2.jpg,wix-media/root/f8d0cd_22c1d43d033f486fa73edc8e00b6e2e9__DSC06090.jpg,/media/22c1d43d033f48,9482,5603
f8d0cd_2396f330a2c4445bb39d5f721a391cc5~mv2.jpg,wix-media/np/f8d0cd_2396f330a2c4445bb39d5f721a391cc5__未命名作品 4.jpg,/media/2396f330a2c444,3024,4032
f8d0cd_24db06bddf85473e9f90e29e21afead3~mv2.png,wix-media/root/f8d0cd_24db06bddf85473e9f90e29e21afead3__Untitled_Artwork 4.png,/media/24db06bddf8547,2360,1640
f8d0cd_2510b44f777b40dd903d0ee8a74eeb43~mv2.jpeg,zhaeng-media/root/f8d0cd_2510b44f777b40dd903d0ee8a74eeb43__DSC05668.jpeg,/media/2510b44f777b40,7360,4912
f8d0cd_25248a8cbdfc499599bd49a20aa0d654~mv2.jpg,wix-media/root/f8d0cd_25248a8cbdfc499599bd49a20aa0d654__Untitled_Artwork 2.jpg,/media/25248a8cbdfc49,2048,2048
f8d0cd_258c34d2822e45d2aaa455763bda1983~mv2.png,wix-media/root/f8d0cd_258c34d2822e45d2aaa455763bda1983__Untitled_Artwork 2_edited.png,/media/258c34d2822e45,2360,1640
f8d0cd_26411af79c6944a88a92d18c250d69d8~mv2.png,wix-media/root/f8d0cd_26411af79c6944a88a92d18c250d69d8__ss.png,/media/26411af79c6944,1550,1098
f8d0cd_26deee346b374728b8f595a854ff4353~mv2.jpg,wix-media/root/f8d0cd_26deee346b374728b8f595a854ff4353__Untitled_Artwork 14.jpg,/media/26deee346b3747,3508,2480
f8d0cd_26ea8780d2104ca791ba5899b4dacd83~mv2.jpg,wix-media/root/f8d0cd_26ea8780d2104ca791ba5899b4dacd83__11.12.jpg,/media/26ea8780d2104c,5525,4144
f8d0cd_28bf9ad66ce3465f9fcee5edd6ed68da~mv2.jpeg,wix-media/root/f8d0cd_28bf9ad66ce3465f9fcee5edd6ed68da__WechatIMG412.jpeg,/media/28bf9ad66ce346,1080,1528
f8d0cd_28c3bfb682ab466d819ee451121b5e2c~mv2.jpg,wix-media/np/f8d0cd_28c3bfb682ab466d819ee451121b5e2c__Untitled_Artwork 15.jpg,/media/28c3bfb682ab46,4032,3024
f8d0cd_29b828159cc949928ad51b2f52567ab4~mv2.jpg,wix-media/root/f8d0cd_29b828159cc949928ad51b2f52567ab4__DSC05709.jpg,/media/29b828159cc949,4912,7360
f8d0cd_2a58345b13fa406aac413cf893b79ffd~mv2.jpg,wix-media/ua/f8d0cd_2a58345b13fa406aac413cf893b79ffd__Untitled_Artwork 15.jpg,/media/2a58345b13fa40,2480,3508
f8d0cd_2ad582ec70dc4c0ba140c125ed885c7b~mv2.jpg,wix-media/ua/f8d0cd_2ad582ec70dc4c0ba140c125ed885c7b__IMG_1839.JPG,/media/2ad582ec70dc4c,1248,2016
f8d0cd_2ba36734d6b74b6cacdac08cb400c308~mv2.jpg,wix-media/ua/f8d0cd_2ba36734d6b74b6cacdac08cb400c308__Untitled_Artwork 12.jpg,/media/2ba36734d6b74b,2480,3508
f8d0cd_2c7ebc72e21d487e9137d112751707ea~mv2.jpg,wix-media/root/f8d0cd_2c7ebc72e21d487e9137d112751707ea__Untitled_Artwork 12.jpg,/media/2c7ebc72e21d48,2048,2048
f8d0cd_2cc9bc3289ea44a88d092c3ee9dea99f~mv2.jpg,wix-media/vol.2/f8d0cd_2cc9bc3289ea44a88d092c3ee9dea99f__No.24.jpg,/media/2cc9bc3289ea44,1191,842
f8d0cd_2de9f18f12c241bf96a19c6fe4bd189a~mv2.jpg,wix-media/root/f8d0cd_2de9f18f12c241bf96a19c6fe4bd189a__Untitled_Artwork 19.jpg,/media/2de9f18f12c241,3024,4032
f8d0cd_2e970e7dcfe04d7b8c61ecb5054f920ff000.jpg,extra/f8d0cd_2e970e7dcfe04d7b8c61ecb5054f920ff000__f8d0cd_2e970e7dcfe04d7b8c61ecb5054f920ff000.jpg,/media/2e970e7dcfe04d,1280,960
f8d0cd_31708f62a4354aa7afffcc87f5558f83~mv2.jpg,wix-media/root/f8d0cd_31708f62a4354aa7afffcc87f5558f83__aloha.jpg,/media/31708f62a4354a,2758,4626
f8d0cd_31f07b27a4ae44e28430b62d561e80b6~mv2.jpg,wix-media/root/f8d0cd_31f07b27a4ae44e28430b62d561e80b6__Untitled_Artwork 16.jpg,/media/31f07b27a4ae44,3508,2480
f8d0cd_32e7573a579142d39f828fbe44915a6f~mv2.jpg,wix-media/root/f8d0cd_32e7573a579142d39f828fbe44915a6f__Untitled_Artwork 2.jpg,/media/32e7573a579142,2360,1640
f8d0cd_3383e7cd437045308cdd1791194ed3f7~mv2.jpg,wix-media/ua/f8d0cd_3383e7cd437045308cdd1791194ed3f7__Untitled_Artwork 7.jpg,/media/3383e7cd437045,2360,1640
f8d0cd_34af19b3ba724cdc91807375636372d7~mv2.jpg,wix-media/root/f8d0cd_34af19b3ba724cdc91807375636372d7__Untitled_Artwork 15.jpg,/media/34af19b3ba724c,3508,2480
f8d0cd_34d346f07a8443db8f7760306d41b80d~mv2.jpg,wix-media/ua/f8d0cd_34d346f07a8443db8f7760306d41b80d__Untitled_Artwork 20.jpg,/media/34d346f07a8443,3508,2480
f8d0cd_363ec81903f841a5bec62a4284cbb8a7~mv2.jpg,wix-media/root/f8d0cd_363ec81903f841a5bec62a4284cbb8a7__Untitled_Artwork 11.jpg,/media/363ec81903f841,4032,3024
f8d0cd_3679fd1aca3b4ef0815e6e468cd7686a~mv2.jpg,wix-media/root/f8d0cd_3679fd1aca3b4ef0815e6e468cd7686a__Untitled_Artwork 6.jpg,/media/3679fd1aca3b4e,2659,3545
f8d0cd_36beb599626f4e5895ea23d7488b178f~mv2.jpg,wix-media/root/f8d0cd_36beb599626f4e5895ea23d7488b178f__kkkkk-5.jpg,/media/36beb599626f4e,1335,2000
f8d0cd_36c3ae53be234388bebb30b2ac72fe7d~mv2.jpg,wix-media/波兰。1/f8d0cd_36c3ae53be234388bebb30b2ac72fe7d__some film6.jpg,/media/36c3ae53be2343,1191,842
f8d0cd_370efc7711a8482988d487850a380a2e~mv2.jpg,wix-media/ua/f8d0cd_370efc7711a8482988d487850a380a2e__IMG_1840.JPG,/media/370efc7711a848,1088,1248
f8d0cd_380563a524f94ba6a6b04c60e1b5fca1~mv2.jpg,wix-media/root/f8d0cd_380563a524f94ba6a6b04c60e1b5fca1__Untitled_Artwork 14.jpg,/media/380563a524f94b,988,554
f8d0cd_392e13afd0d046ddb8ad6d03f9143a9b~mv2.jpg,wix-media/i shoot photos/f8d0cd_392e13afd0d046ddb8ad6d03f9143a9b__Project 2.1.jpg,/media/392e13afd0d046,2000,1333
f8d0cd_396def9aed75412dbf379f47d7ff02d5~mv2.png,wix-media/root/f8d0cd_396def9aed75412dbf379f47d7ff02d5__Untitled_Artwork 9.png,/media/396def9aed7541,2360,1640
f8d0cd_399fe76fa0c04d68b8ee8a223b0bd072~mv2.png,wix-media/green/f8d0cd_399fe76fa0c04d68b8ee8a223b0bd072__IMG_9165.heic,/media/399fe76fa0c04d,1661,2583
f8d0cd_3c3075007b974debbcfe9b176941bc68f000.jpg,extra/f8d0cd_3c3075007b974debbcfe9b176941bc68f000__f8d0cd_3c3075007b974debbcfe9b176941bc68f000.jpg,/media/3c3075007b974d,1440,1920
f8d0cd_3c4be6f11474484a89ceac7f0f4fbf6f~mv2.jpg,wix-media/i shoot photos/f8d0cd_3c4be6f11474484a89ceac7f0f4fbf6f__Project 2.3.jpg,/media/3c4be6f1147448,1333,2000
f8d0cd_3c613988018f4bd182f488e5b5dd5152~mv2.jpg,wix-media/root/f8d0cd_3c613988018f4bd182f488e5b5dd5152__DSC_4574.jpg,/media/3c613988018f4b,8256,5504
f8d0cd_3c789755733a4494aeff243af802c1cf~mv2.jpg,wix-media/ua/f8d0cd_3c789755733a4494aeff243af802c1cf__Untitled_Artwork 10.jpg,/media/3c789755733a44,2360,1640
f8d0cd_3d2a48eb4efc44f39f463b796fcfd35d~mv2.jpg,wix-media/root/f8d0cd_3d2a48eb4efc44f39f463b796fcfd35d__Untitled_Artwork 12.jpg,/media/3d2a48eb4efc44,1080,1440
f8d0cd_3d962502348e492091a95202921925aa~mv2.jpg,wix-media/root/f8d0cd_3d962502348e492091a95202921925aa__未命名作品 2.jpg,/media/3d962502348e49,3024,4032
f8d0cd_3f3466efa6f34e5ab6a3df1ad2d6bbf7~mv2.gif,wix-media/root/f8d0cd_3f3466efa6f34e5ab6a3df1ad2d6bbf7__Untitled_Artwork 4.gif,/media/3f3466efa6f34e,879,1644
f8d0cd_405c5364651f4a36947b0381a1260693~mv2.jpg,wix-media/root/f8d0cd_405c5364651f4a36947b0381a1260693__Untitled_Artwork 3.jpg,/media/405c5364651f4a,2048,2048
f8d0cd_406670d7e68d48ee8673fa4d8e86e68d~mv2.jpg,wix-media/root/f8d0cd_406670d7e68d48ee8673fa4d8e86e68d__Untitled_Artwork 18.jpg,/media/406670d7e68d48,3024,4032
f8d0cd_41838ded99924c02bc735f425b18d112~mv2.jpg,wix-media/root/f8d0cd_41838ded99924c02bc735f425b18d112__Untitled_Artwork 26.jpg,/media/41838ded99924c,2048,2048
f8d0cd_41980fe25a984426afbca4595b361d77~mv2.jpg,wix-media/波兰。1/f8d0cd_41980fe25a984426afbca4595b361d77__some film4.jpg,/media/41980fe25a9844,1191,842
f8d0cd_42ffdd2d277a4039962a83b108e3f8c1~mv2.jpg,wix-media/root/f8d0cd_42ffdd2d277a4039962a83b108e3f8c1__Untitled_Artwork 22.jpg,/media/42ffdd2d277a40,2480,3508
f8d0cd_43456930d45943fe98fb4d0f5b8ba0ec~mv2.jpg,wix-media/np/f8d0cd_43456930d45943fe98fb4d0f5b8ba0ec__Untitled_Artwork 10.jpg,/media/43456930d45943,4032,3024
f8d0cd_43b74a352cff4610bdae643ca90cc6ae~mv2.jpg,wix-media/root/f8d0cd_43b74a352cff4610bdae643ca90cc6ae__Untitled_Artwork 16.jpg,/media/43b74a352cff46,1366,1821
f8d0cd_44e16e33646d4447a1b685492e723a01~mv2.jpg,zhaeng-media/root/f8d0cd_44e16e33646d4447a1b685492e723a01__hjkhkjhjk.jpg,/media/44e16e33646d44,951,1689
f8d0cd_450e5d7150d54884854808e04f17b6d8~mv2.png,wix-media/ua/f8d0cd_450e5d7150d54884854808e04f17b6d8__Screen Shot 2023-01-16 at 23.54.20.png,/media/450e5d7150d548,1122,1534
f8d0cd_4533edc8639c46c99d67ee5113164214~mv2.png,wix-media/green/f8d0cd_4533edc8639c46c99d67ee5113164214__IMG_9157.heic,/media/4533edc8639c46,1720,2652
f8d0cd_465d3153baa34decb89440e81a1980e3~mv2.jpg,wix-media/vol.3/f8d0cd_465d3153baa34decb89440e81a1980e3__no310.jpg,/media/465d3153baa34d,839,595
f8d0cd_46744f10c95f4a5b8a5aabdf8ce13f86~mv2.jpg,wix-media/root/f8d0cd_46744f10c95f4a5b8a5aabdf8ce13f86__Untitled_Artwork 19.jpg,/media/46744f10c95f4a,3024,4032
f8d0cd_46a82b58e4b6485bbb7b68f6b3bf8746~mv2.png,wix-media/green/f8d0cd_46a82b58e4b6485bbb7b68f6b3bf8746__IMG_9156.heic,/media/46a82b58e4b648,1859,2738
f8d0cd_48f8508f1bbf4621991291d5844702d1~mv2.jpg,wix-media/root/f8d0cd_48f8508f1bbf4621991291d5844702d1__acbe845143758a9e66dc9b994dd595fd.jpg,/media/48f8508f1bbf46,2075,3130
f8d0cd_496e04d90da74379bdaadec0851bd29e~mv2.jpg,wix-media/root/f8d0cd_496e04d90da74379bdaadec0851bd29e__Untitled_Artwork 13.jpg,/media/496e04d90da743,3508,2480
f8d0cd_4a35dfc46e564e0c99346cbd235a64d0~mv2.jpg,wix-media/root/f8d0cd_4a35dfc46e564e0c99346cbd235a64d0__kkkkk-94.jpg,/media/4a35dfc46e564e,1678,1113
f8d0cd_4acaf895990c468d8cfb59dc09c24683~mv2.jpg,wix-media/波兰。1/f8d0cd_4acaf895990c468d8cfb59dc09c24683__some film12.jpg,/media/4acaf895990c46,1191,842
f8d0cd_4c1eb9c3bf3f43cd8de981fa7af2c64a~mv2.jpg,wix-media/root/f8d0cd_4c1eb9c3bf3f43cd8de981fa7af2c64a__IMG_7486.jpg,/media/4c1eb9c3bf3f43,775,1051
f8d0cd_4de99df92d34400ca4d361d5a8f0d0ab~mv2.png,wix-media/root/f8d0cd_4de99df92d34400ca4d361d5a8f0d0ab__IMG_8343.HEIC,/media/4de99df92d3440,2605,3474
f8d0cd_5012fa4c7df748559b68c0119bb7555b~mv2.jpg,wix-media/root/f8d0cd_5012fa4c7df748559b68c0119bb7555b__Untitled_Artwork 17.jpg,/media/5012fa4c7df748,2048,2048
f8d0cd_5082caba67cb4bc3b0a5d53219a961dc~mv2.jpg,wix-media/root/f8d0cd_5082caba67cb4bc3b0a5d53219a961dc__Untitled_Artwork 10.jpg,/media/5082caba67cb4b,2360,1640
f8d0cd_509c5b52ed4641d79835571641e9da82~mv2.jpg,wix-media/root/f8d0cd_509c5b52ed4641d79835571641e9da82__IMG_0566.jpg,/media/509c5b52ed4641,3508,2480
f8d0cd_51344437b5af4675b78eaa5a7c343327~mv2.jpg,wix-media/root/f8d0cd_51344437b5af4675b78eaa5a7c343327__Untitled_Artwork 15.jpg,/media/51344437b5af46,2071,2761
f8d0cd_51816194b3624abfa0f3d0ceb3bf4d42~mv2.png,wix-media/root/f8d0cd_51816194b3624abfa0f3d0ceb3bf4d42__Untitled_Artwork 6.png,/media/51816194b3624a,2480,3508
f8d0cd_520dd15db5f045c8b664b3ea16f28d7b~mv2.jpg,wix-media/vol.3/f8d0cd_520dd15db5f045c8b664b3ea16f28d7b__no312.jpg,/media/520dd15db5f045,839,595
f8d0cd_52c372afc7c44893a6c8e6d4816aa1f8~mv2.jpg,wix-media/root/f8d0cd_52c372afc7c44893a6c8e6d4816aa1f8__Untitled_Artwork 27.jpg,/media/52c372afc7c448,2048,2048
f8d0cd_5347972a97c04393bbe10b6eee52f88e~mv2.png,wix-media/green/f8d0cd_5347972a97c04393bbe10b6eee52f88e__IMG_9163.heic,/media/5347972a97c043,1660,2654
f8d0cd_534f312ab98448889a26198cc99cd205~mv2.gif,wix-media/root/f8d0cd_534f312ab98448889a26198cc99cd205__Untitled_Artwork.gif,/media/534f312ab98448,480,201
f8d0cd_5392581d338d4d67a849e1a5a7104e8b~mv2.png,wix-media/root/f8d0cd_5392581d338d4d67a849e1a5a7104e8b__Untitled_Artwork 3.png,/media/5392581d338d4d,2360,1640
f8d0cd_53f79280b66e48eaa4b993deb6b10323~mv2.jpg,wix-media/root/f8d0cd_53f79280b66e48eaa4b993deb6b10323__20-21_Saviiii.jpg,/media/53f79280b66e48,2048,2048
f8d0cd_5418d3fcc4ca455fb65ca08335ed66c4~mv2.jpg,wix-media/root/f8d0cd_5418d3fcc4ca455fb65ca08335ed66c4__未命名作品.jpg,/media/5418d3fcc4ca45,3024,4032
f8d0cd_54b017e5c3374b69a411a41162f7e4d0~mv2.jpg,wix-media/vol.2/f8d0cd_54b017e5c3374b69a411a41162f7e4d0__No.25.jpg,/media/54b017e5c3374b,1191,842
f8d0cd_54bbc6b6addd4eac9b6a4879ba8b118d~mv2.jpg,wix-media/root/f8d0cd_54bbc6b6addd4eac9b6a4879ba8b118d__IMG_7486.jpg,/media/54bbc6b6addd4e,775,1051
f8d0cd_558f7071b1ec4b00bd91ec828698339b~mv2.png,wix-media/root/f8d0cd_558f7071b1ec4b00bd91ec828698339b__Untitled_Artwork 5.png,/media/558f7071b1ec4b,2480,3508
f8d0cd_55b47b82bd83438ea32dfbe95dd5e9b4~mv2.jpg,wix-media/root/f8d0cd_55b47b82bd83438ea32dfbe95dd5e9b4__0000931-R01-0A-1.jpg,/media/55b47b82bd8343,1535,2291
f8d0cd_560cd03be53148749426ff63125cc53e~mv2.jpg,wix-media/root/f8d0cd_560cd03be53148749426ff63125cc53e__Untitled_Artwork.jpg,/media/560cd03be53148,3508,2480
f8d0cd_560ea54154a946dd984aa143080b8c13~mv2.jpg,wix-media/vol.3/f8d0cd_560ea54154a946dd984aa143080b8c13__000007210010.jpg,/media/560ea54154a946,2048,3088
f8d0cd_57dab0df608544b294a004aee111ee13~mv2.png,wix-media/root/f8d0cd_57dab0df608544b294a004aee111ee13__Screenshot 2025-03-06 at 3.00.19 PM.png,/media/57dab0df608544,3302,2008
f8d0cd_5845e9cb38004acabbc20e4cf0c7c88d~mv2.jpg,wix-media/np/f8d0cd_5845e9cb38004acabbc20e4cf0c7c88d__Untitled_Artwork 9.jpg,/media/5845e9cb38004a,4032,3024
f8d0cd_594480186bf542e4ac226fe68c709449~mv2.jpg,wix-media/i shoot photos/f8d0cd_594480186bf542e4ac226fe68c709449__pj3.3.jpg,/media/594480186bf542,2000,1333
f8d0cd_5ab45520545e42818942e2aec411bf23~mv2.jpg,wix-media/root/f8d0cd_5ab45520545e42818942e2aec411bf23__Untitled_Artwork 1.jpg,/media/5ab45520545e42,3508,2480
f8d0cd_5b84278d2af84cd59133c6aafa85f126~mv2.jpg,wix-media/波兰。1/f8d0cd_5b84278d2af84cd59133c6aafa85f126__some film7.jpg,/media/5b84278d2af84c,1191,842
f8d0cd_5bd5e97eca6d41e4bf02c42ce62ac991~mv2.png,wix-media/ua/f8d0cd_5bd5e97eca6d41e4bf02c42ce62ac991__Screen Shot 2023-01-16 at 23.51.41.png,/media/5bd5e97eca6d41,1344,1472
f8d0cd_5be3e66a69a84dee852d5d541bd6ac2f~mv2.png,wix-media/root/f8d0cd_5be3e66a69a84dee852d5d541bd6ac2f__Untitled_Artwork 7.png,/media/5be3e66a69a84d,2360,1640
f8d0cd_5cfae588922549e2b168cdee2775b694~mv2.jpg,wix-media/ua/f8d0cd_5cfae588922549e2b168cdee2775b694__the red one - 2021.jpg,/media/5cfae588922549,2095,1577
f8d0cd_5d134d6d0956494185b203e9f78eb9ef~mv2.png,wix-media/root/f8d0cd_5d134d6d0956494185b203e9f78eb9ef__Untitled_Artwork 11.png,/media/5d134d6d095649,2480,3508
f8d0cd_5d7df37b41c64dcbac1f3129ffeacfa2~mv2.png,wix-media/root/f8d0cd_5d7df37b41c64dcbac1f3129ffeacfa2__Untitled_Artwork 10.png,/media/5d7df37b41c64d,2480,3508
f8d0cd_5e9e7b49b10049328e13fb3cf597d076~mv2.jpg,wix-media/root/f8d0cd_5e9e7b49b10049328e13fb3cf597d076__222.jpg,/media/5e9e7b49b10049,4144,7360
f8d0cd_5ea81b09e424487bb53a19bbf1ae81bf~mv2.jpg,wix-media/np/f8d0cd_5ea81b09e424487bb53a19bbf1ae81bf__未命名作品 5.jpg,/media/5ea81b09e42448,3024,4032
f8d0cd_5f021144aea146239ab4b8505f7a0893~mv2.jpg,wix-media/ua/f8d0cd_5f021144aea146239ab4b8505f7a0893__Untitled_Artwork 5.jpg,/media/5f021144aea146,2048,2048
f8d0cd_611f7142627b47c5b3578bd8199265f9~mv2.jpg,wix-media/ua/f8d0cd_611f7142627b47c5b3578bd8199265f9__Untitled_Artwork 11.jpg,/media/611f7142627b47,1640,2360
f8d0cd_61aab1b4c51f43bea1d4ab0a66f40c9c~mv2.jpg,wix-media/i shoot photos/f8d0cd_61aab1b4c51f43bea1d4ab0a66f40c9c__Project 2.4.jpg,/media/61aab1b4c51f43,2000,1333
f8d0cd_61ad59ef7aec4beaab349aaf222718d2~mv2.jpg,wix-media/root/f8d0cd_61ad59ef7aec4beaab349aaf222718d2__Anima Specimen.jpg,/media/61ad59ef7aec4b,7212,10365
f8d0cd_66a5f3fcbfac426aac0cf2206c51b83a~mv2.jpg,wix-media/vol.2/f8d0cd_66a5f3fcbfac426aac0cf2206c51b83a__No.212.jpg,/media/66a5f3fcbfac42,1191,842
f8d0cd_66ee7f5d0b2b42789efb26988d720ba3~mv2.jpg,wix-media/root/f8d0cd_66ee7f5d0b2b42789efb26988d720ba3__Untitled_Artwork 6.jpg,/media/66ee7f5d0b2b42,2360,1640
f8d0cd_670510d509f445f785329b09565026a4~mv2.jpg,wix-media/root/f8d0cd_670510d509f445f785329b09565026a4__Untitled_Artwork 3.jpg,/media/670510d509f445,2048,2048
f8d0cd_68379eee67f84ddaae78579a2c9262b8~mv2.png,wix-media/root/f8d0cd_68379eee67f84ddaae78579a2c9262b8__Untitled_Artwork 9.png,/media/68379eee67f84d,2480,3508
f8d0cd_68402cb0b9714bb3992ad75b0d6c38c0~mv2.jpg,wix-media/i shoot photos/f8d0cd_68402cb0b9714bb3992ad75b0d6c38c0__Project 2.14.jpg,/media/68402cb0b9714b,2000,1333
f8d0cd_6a2020f8a022469c83e5a994b80a5691~mv2.jpg,wix-media/root/f8d0cd_6a2020f8a022469c83e5a994b80a5691__未命名作品 2.jpg,/media/6a2020f8a02246,2048,2048
f8d0cd_6b44128f676142f88bdd1c3bc8f5202d~mv2.jpg,wix-media/ua/f8d0cd_6b44128f676142f88bdd1c3bc8f5202d__Untitled_Artwork 26.jpg,/media/6b44128f676142,2480,3508
f8d0cd_6b520e6502394dcebe506ba7acc90082~mv2.jpg,wix-media/root/f8d0cd_6b520e6502394dcebe506ba7acc90082__Untitled_Artwork 8.jpg,/media/6b520e6502394d,3508,2480
f8d0cd_6c4215f812954c79a6860cd00fc4cdb3~mv2.jpg,wix-media/root/f8d0cd_6c4215f812954c79a6860cd00fc4cdb3__IMG_6076.jpg,/media/6c4215f812954c,1830,1830
f8d0cd_6e4aa681dd184459a9be14f0b989a09d~mv2.png,wix-media/root/f8d0cd_6e4aa681dd184459a9be14f0b989a09d__7256208.png,/media/6e4aa681dd1844,512,512
f8d0cd_6ea549d353ac4e29bb064d5bfb3a31b3~mv2.jpg,wix-media/root/f8d0cd_6ea549d353ac4e29bb064d5bfb3a31b3__Untitled_Artwork 10.jpg,/media/6ea549d353ac4e,3024,4032
f8d0cd_6eefdb6eb08a453e82968b90c288ec3f~mv2.jpg,wix-media/vol.3/f8d0cd_6eefdb6eb08a453e82968b90c288ec3f__no36.jpg,/media/6eefdb6eb08a45,839,595
f8d0cd_6fcbfcd414c346f0a187112096498165~mv2.jpg,wix-media/i shoot photos/f8d0cd_6fcbfcd414c346f0a187112096498165__pj3_edited.jpg,/media/6fcbfcd414c346,2000,1333
f8d0cd_70348c9c0a184d1a9ab831b31202f95d~mv2.jpg,wix-media/i shoot photos/f8d0cd_70348c9c0a184d1a9ab831b31202f95d__pj3_edited.jpg,/media/70348c9c0a184d,2000,1333
f8d0cd_7070d507660342bbac8b7370a00cface~mv2.jpg,wix-media/root/f8d0cd_7070d507660342bbac8b7370a00cface__Untitled_Artwork 10.jpg,/media/7070d507660342,2048,2048
f8d0cd_71389cb8695344e0a68e40a5fccafeb7~mv2.jpg,wix-media/ua/f8d0cd_71389cb8695344e0a68e40a5fccafeb7__Untitled_Artwork 16.jpg,/media/71389cb8695344,3508,2480
f8d0cd_713b373b3c6b41c18eba2f32c603dfa6~mv2.jpg,wix-media/np/f8d0cd_713b373b3c6b41c18eba2f32c603dfa6__Untitled_Artwork 7.jpg,/media/713b373b3c6b41,3024,4032
f8d0cd_722cfbedb4a447d89950980e72f0384af000.jpg,extra/f8d0cd_722cfbedb4a447d89950980e72f0384af000__f8d0cd_722cfbedb4a447d89950980e72f0384af000.jpg,/media/722cfbedb4a447,960,1280
f8d0cd_73459663acf94b149a1ff3ea4706245f~mv2.jpg,wix-media/np/f8d0cd_73459663acf94b149a1ff3ea4706245f__Untitled_Artwork 14.jpg,/media/73459663acf94b,3024,4032
f8d0cd_73cec0e6806a494cad1fc782cb94f0fd~mv2.jpg,wix-media/ua/f8d0cd_73cec0e6806a494cad1fc782cb94f0fd__Untitled_Artwork 24.jpg,/media/73cec0e6806a49,2480,3508
f8d0cd_741c8640e643427bb57e9192e2eba145~mv2.jpg,wix-media/root/f8d0cd_741c8640e643427bb57e9192e2eba145__Untitled_Artwork 25.jpg,/media/741c8640e64342,2048,2048
f8d0cd_745039f2c47d41b59b75b93a8501ddf5f000.jpg,extra/f8d0cd_745039f2c47d41b59b75b93a8501ddf5f000__f8d0cd_745039f2c47d41b59b75b93a8501ddf5f000.jpg,/media/745039f2c47d41,538,1204
f8d0cd_75817f364c1d4e9ea109a279500c6dfe~mv2.jpeg,wix-media/root/f8d0cd_75817f364c1d4e9ea109a279500c6dfe__DSC05668.jpeg,/media/75817f364c1d4e,7360,4912
f8d0cd_76338d87be1c4243ae119bebca2ce41d~mv2.jpg,wix-media/ua/f8d0cd_76338d87be1c4243ae119bebca2ce41d__Untitled_Artwork 18.jpg,/media/76338d87be1c42,3508,2480
f8d0cd_76462e50c626432cb458423fe48857d5f000.jpg,extra/f8d0cd_76462e50c626432cb458423fe48857d5f000__f8d0cd_76462e50c626432cb458423fe48857d5f000.jpg,/media/76462e50c62643,3840,2160
f8d0cd_77c2f3e729d14571a730274045d5ab0b~mv2.jpg,wix-media/root/f8d0cd_77c2f3e729d14571a730274045d5ab0b__Untitled_Artwork 4.jpg,/media/77c2f3e729d145,2048,2048
f8d0cd_7853f943f24746d39baccd78ddce24e0~mv2.jpg,wix-media/vol.3/f8d0cd_7853f943f24746d39baccd78ddce24e0__no315.jpg,/media/7853f943f24746,420,595
f8d0cd_795047d2030345fb97e87e8defa87f3e~mv2.jpg,wix-media/波兰。1/f8d0cd_795047d2030345fb97e87e8defa87f3e__some film14.jpg,/media/795047d2030345,1191,842
f8d0cd_7953d1c065184f86a37dd5b70e2a98db~mv2.jpg,wix-media/root/f8d0cd_7953d1c065184f86a37dd5b70e2a98db__IMG_9449.jpg,/media/7953d1c065184f,3024,4032
f8d0cd_797efd708eb64f9e87cafa6ee32f6e22~mv2.jpg,wix-media/ua/f8d0cd_797efd708eb64f9e87cafa6ee32f6e22__Untitled_Artwork 28.jpg,/media/797efd708eb64f,2480,3508
f8d0cd_7988398efdaf48948935d08702ba7ab2~mv2.jpg,wix-media/ua/f8d0cd_7988398efdaf48948935d08702ba7ab2__Untitled_Artwork 37.jpg,/media/7988398efdaf48,3508,2480
f8d0cd_7a02b528230b41458bbe7fe5a91abe2a~mv2.jpg,wix-media/root/f8d0cd_7a02b528230b41458bbe7fe5a91abe2a__Untitled_Artwork 6.jpg,/media/7a02b528230b41,1170,871
f8d0cd_7b7e9ca1f9a34a4ba3afe2f893dcc4be~mv2.png,wix-media/green/f8d0cd_7b7e9ca1f9a34a4ba3afe2f893dcc4be__IMG_9153.heic,/media/7b7e9ca1f9a34a,1748,2611
f8d0cd_7d253c7985644a77a3ac35e4885239de~mv2.png,wix-media/root/f8d0cd_7d253c7985644a77a3ac35e4885239de__Untitled_Artwork 7.png,/media/7d253c7985644a,2480,3508
f8d0cd_7d274972064147f4b786c3b78b1785d3~mv2.jpg,wix-media/root/f8d0cd_7d274972064147f4b786c3b78b1785d3__Untitled_Artwork 2.jpg,/media/7d274972064147,2480,3508
f8d0cd_7dc21b4861414ceaa13f21c86bd38ac9~mv2.jpg,wix-media/ua/f8d0cd_7dc21b4861414ceaa13f21c86bd38ac9__Untitled_Artwork 30.jpg,/media/7dc21b4861414c,2480,3508
f8d0cd_7dde67acb8a34db8a1fe28baeeb23cb2~mv2.png,wix-media/root/f8d0cd_7dde67acb8a34db8a1fe28baeeb23cb2__Untitled_Artwork 8.png,/media/7dde67acb8a34d,2480,3508
f8d0cd_7e1d335fd15b49c38255a03f6f9d8dda~mv2.jpg,wix-media/ua/f8d0cd_7e1d335fd15b49c38255a03f6f9d8dda__Untitled_Artwork 35.jpg,/media/7e1d335fd15b49,2385,2050
f8d0cd_7eb9758fee3c40698cf6c9c46868bcf5~mv2.jpg,wix-media/vol.2/f8d0cd_7eb9758fee3c40698cf6c9c46868bcf5__No.29.jpg,/media/7eb9758fee3c40,1191,842
f8d0cd_80b991e35a6a4cfc9821a27bcb161181~mv2.jpg,wix-media/root/f8d0cd_80b991e35a6a4cfc9821a27bcb161181__Untitled_Artwork 26.jpg,/media/80b991e35a6a4c,2048,2048
f8d0cd_81ca6414f1a6475a96ff3dd45bda6f65~mv2.png,wix-media/root/f8d0cd_81ca6414f1a6475a96ff3dd45bda6f65__IMG_8343.HEIC,/media/81ca6414f1a647,2605,3474
f8d0cd_81cf27e6c647406eaa939e1bc74d93d7~mv2.jpg,wix-media/vol.3/f8d0cd_81cf27e6c647406eaa939e1bc74d93d7__no311.jpg,/media/81cf27e6c64740,839,595
f8d0cd_81d29cb479324904b7dc532f5762cc76f000.jpg,extra/f8d0cd_81d29cb479324904b7dc532f5762cc76f000__f8d0cd_81d29cb479324904b7dc532f5762cc76f000.jpg,/media/81d29cb4793249,1080,1920
f8d0cd_8271f3b72f34441089d99b0aae07321f~mv2.jpg,wix-media/波兰。1/f8d0cd_8271f3b72f34441089d99b0aae07321f__some film8.jpg,/media/8271f3b72f3444,1191,842
f8d0cd_832784b7844d4607b48ceb1ff7e9aaea~mv2.jpg,wix-media/root/f8d0cd_832784b7844d4607b48ceb1ff7e9aaea__Untitled_Artwork 15.jpg,/media/832784b7844d46,1170,641
f8d0cd_84c53341629b46a49edea1a4b63aa467~mv2.jpg,wix-media/np/f8d0cd_84c53341629b46a49edea1a4b63aa467__Untitled_Artwork 6.jpg,/media/84c53341629b46,2659,3545
f8d0cd_856bc27f44514c768b1340f252f80b0a~mv2.gif,wix-media/root/f8d0cd_856bc27f44514c768b1340f252f80b0a__Untitled_Artwork 9.gif,/media/856bc27f44514c,3508,2480
f8d0cd_85c14e77afc44e519653704b9c1fd6e2~mv2.gif,wix-media/root/f8d0cd_85c14e77afc44e519653704b9c1fd6e2__Untitled_Artwork 7.gif,/media/85c14e77afc44e,3508,2480
f8d0cd_85c579d426564566854b6691f8ab42a6~mv2.jpg,wix-media/root/f8d0cd_85c579d426564566854b6691f8ab42a6__Untitled_Artwork 5.jpg,/media/85c579d4265645,2048,2048
f8d0cd_85fa3e8574674da091a33fb42433fc2e~mv2.jpg,wix-media/np/f8d0cd_85fa3e8574674da091a33fb42433fc2e__Untitled_Artwork 19.jpg,/media/85fa3e8574674d,3024,4032
f8d0cd_86769263068b482aae6014b0e0e0e667~mv2.jpg,wix-media/ua/f8d0cd_86769263068b482aae6014b0e0e0e667__Untitled_Artwork 14.jpg,/media/86769263068b48,3508,2480
f8d0cd_8742723219c14216822a375b57e2b91a~mv2.png,zhaeng-media/root/f8d0cd_8742723219c14216822a375b57e2b91a__ss.png,/media/8742723219c142,724,523
f8d0cd_8781ebf9d08145beac8a8e23ae96ade9~mv2.jpg,wix-media/root/f8d0cd_8781ebf9d08145beac8a8e23ae96ade9__Untitled_Artwork 14.jpg,/media/8781ebf9d08145,1640,2360
f8d0cd_878402b44510454395cca066c21e1970~mv2.jpeg,wix-media/root/f8d0cd_878402b44510454395cca066c21e1970__hkjl.jpeg,/media/878402b4451045,4071,8511
f8d0cd_89704c09502843e1890058b22a2b5e94~mv2.jpg,wix-media/np/f8d0cd_89704c09502843e1890058b22a2b5e94__Untitled_Artwork 5.jpg,/media/89704c09502843,3024,4032
f8d0cd_8bf62063a87f44b68b37c78a94327284~mv2.jpg,wix-media/root/f8d0cd_8bf62063a87f44b68b37c78a94327284__kk.jpg,/media/8bf62063a87f44,2000,1333
f8d0cd_8c22c40cc2554afca56727a55962c181~mv2.jpg,wix-media/root/f8d0cd_8c22c40cc2554afca56727a55962c181__trd.jpg,/media/8c22c40cc2554a,5525,4144
f8d0cd_8d2a8cf6cd4942e8b02b5ee4c717b441~mv2.jpeg,wix-media/root/f8d0cd_8d2a8cf6cd4942e8b02b5ee4c717b441__kkkkk-14.jpeg,/media/8d2a8cf6cd4942,2000,1335
f8d0cd_8d39566324e446ca9a8ae523d28f5c15~mv2.jpg,zhaeng-media/root/f8d0cd_8d39566324e446ca9a8ae523d28f5c15__IMG_5167.jpg,/media/8d39566324e446,720,1280
f8d0cd_8df6eee158a4478ca16c1b57cb73326a~mv2.jpg,wix-media/root/f8d0cd_8df6eee158a4478ca16c1b57cb73326a__Untitled_Artwork 7.jpg,/media/8df6eee158a447,3024,4032
f8d0cd_8f2d0416429e4923870fad11e63de97d~mv2.jpg,wix-media/root/f8d0cd_8f2d0416429e4923870fad11e63de97d__143580a425a706d6d23a0c961c9ff11f.jpg,/media/8f2d0416429e49,3130,2075
f8d0cd_8fc19c2b6bda4066a5cfb502fb3c7643~mv2.jpg,wix-media/root/f8d0cd_8fc19c2b6bda4066a5cfb502fb3c7643__DSC06512.jpg,/media/8fc19c2b6bda40,4144,7360
f8d0cd_92ac5e3f52854d16bec4104f18596489~mv2.jpg,wix-media/vol.2/f8d0cd_92ac5e3f52854d16bec4104f18596489__No.22.jpg,/media/92ac5e3f52854d,1191,842
f8d0cd_937adb68f59d4c5e8a5bf11adfc0e5a2~mv2.png,wix-media/root/f8d0cd_937adb68f59d4c5e8a5bf11adfc0e5a2__未命名作品 6.png,/media/937adb68f59d4c,3508,2480
f8d0cd_95280559686a4e8c850e82e2a36de0f6~mv2.png,wix-media/root/f8d0cd_95280559686a4e8c850e82e2a36de0f6__Untitled_Artwork 14.png,/media/95280559686a4e,2480,3508
f8d0cd_95d7645cc8414976b3e52e50e164f542~mv2.jpg,wix-media/ua/f8d0cd_95d7645cc8414976b3e52e50e164f542__Untitled_Artwork 27.jpg,/media/95d7645cc84149,2048,2048
f8d0cd_96a50522004c41d793f74602f3e42dea~mv2.jpg,wix-media/vol.3/f8d0cd_96a50522004c41d793f74602f3e42dea__no32.jpg,/media/96a50522004c41,839,595
f8d0cd_98bba51eac674bdb92857609bec8c02ff000.jpg,extra/f8d0cd_98bba51eac674bdb92857609bec8c02ff000__f8d0cd_98bba51eac674bdb92857609bec8c02ff000.jpg,/media/98bba51eac674b,1080,1920
f8d0cd_99315849fde6481fb809094694c5a8da~mv2.jpg,wix-media/i shoot photos/f8d0cd_99315849fde6481fb809094694c5a8da__Project 2.13.jpg,/media/99315849fde648,2000,1333
f8d0cd_996e4e738b4741e7be84bfe310fa3480~mv2.jpg,wix-media/root/f8d0cd_996e4e738b4741e7be84bfe310fa3480__Untitled_Artwork 7.jpg,/media/996e4e738b4741,2360,1640
f8d0cd_99f76a51f3204391961586183de4806f~mv2.png,wix-media/root/f8d0cd_99f76a51f3204391961586183de4806f__Untitled_Artwork 13.png,/media/99f76a51f32043,2480,3508
f8d0cd_9a3f75b4c8a740f7b47e0d045ca52055~mv2.png,wix-media/green/f8d0cd_9a3f75b4c8a740f7b47e0d045ca52055__IMG_9161.heic,/media/9a3f75b4c8a740,1790,2915
f8d0cd_9b99203c8d82408ea1380e2e4da087b5~mv2.jpg,wix-media/vol.2/f8d0cd_9b99203c8d82408ea1380e2e4da087b5__No.27.jpg,/media/9b99203c8d8240,1191,842
f8d0cd_9bdaa5061d74452c907280e2cf6cf345~mv2.jpg,wix-media/i shoot photos/f8d0cd_9bdaa5061d74452c907280e2cf6cf345__Project 2.2.jpg,/media/9bdaa5061d7445,2000,1333
f8d0cd_9c77d554c860489399ba63465367535a~mv2.jpg,wix-media/root/f8d0cd_9c77d554c860489399ba63465367535a__Untitled_Artwork 4.jpg,/media/9c77d554c86048,3508,2480
f8d0cd_9df8596e61c74f01bac2859207949e6a~mv2.jpg,wix-media/root/f8d0cd_9df8596e61c74f01bac2859207949e6a__project -- 2.jpg,/media/9df8596e61c74f,2000,1333
f8d0cd_9ed02e8d6ff14c1e9e07d463adcb0e2e~mv2.jpg,wix-media/root/f8d0cd_9ed02e8d6ff14c1e9e07d463adcb0e2e__Untitled_Artwork 17.jpg,/media/9ed02e8d6ff14c,4032,3024
f8d0cd_9ee9d2c47f284493aadd9773b0bc75cc~mv2.jpg,wix-media/vol.3/f8d0cd_9ee9d2c47f284493aadd9773b0bc75cc__no313.jpg,/media/9ee9d2c47f2844,839,595
f8d0cd_9f4e3fb292a04e528f9b32c549b2ec84~mv2.gif,wix-media/root/f8d0cd_9f4e3fb292a04e528f9b32c549b2ec84__Untitled_Artwork 3.gif,/media/9f4e3fb292a04e,3508,2480
f8d0cd_a105bcce42c8460b83e0cc5608090318~mv2.jpg,wix-media/vol.2/f8d0cd_a105bcce42c8460b83e0cc5608090318__No.28.jpg,/media/a105bcce42c846,1191,842
f8d0cd_a18e99d6962248c1bf75c9463bfffe4a~mv2.gif,wix-media/root/f8d0cd_a18e99d6962248c1bf75c9463bfffe4a__Untitled_Artwork 8.gif,/media/a18e99d6962248,1241,2480
f8d0cd_a2246eb47f4d46adb2cf3fd78700d2d1~mv2.jpg,wix-media/np/f8d0cd_a2246eb47f4d46adb2cf3fd78700d2d1__Untitled_Artwork 18.jpg,/media/a2246eb47f4d46,4032,3024
f8d0cd_a2565a1dabe1430d8486b4c9385d0d20~mv2.jpg,wix-media/root/f8d0cd_a2565a1dabe1430d8486b4c9385d0d20__Untitled_Artwork 12.jpg,/media/a2565a1dabe143,1640,2360
f8d0cd_a271ecdfcf0a4c5e94ccdbe82fe60321~mv2.png,wix-media/root/f8d0cd_a271ecdfcf0a4c5e94ccdbe82fe60321__Untitled_Artwork 2.png,/media/a271ecdfcf0a4c,2480,3508
f8d0cd_a305bb7b031b4aaa81f8a32ccfc27116~mv2.jpg,wix-media/ua/f8d0cd_a305bb7b031b4aaa81f8a32ccfc27116__Untitled_Artwork 13.jpg,/media/a305bb7b031b4a,3508,2480
f8d0cd_a3d778dc993342f4bda0ddc5bf8b5559f000.jpg,extra/f8d0cd_a3d778dc993342f4bda0ddc5bf8b5559f000__f8d0cd_a3d778dc993342f4bda0ddc5bf8b5559f000.jpg,/media/a3d778dc993342,1422,1078
f8d0cd_a7e917e423854dd682c125f877645e6d~mv2.jpg,wix-media/np/f8d0cd_a7e917e423854dd682c125f877645e6d__IMG_9449.jpg,/media/a7e917e423854d,3024,4032
f8d0cd_a8d0c53068ec46b58fa18a926becd723~mv2.jpg,wix-media/i shoot photos/f8d0cd_a8d0c53068ec46b58fa18a926becd723__pj3.2.jpg,/media/a8d0c53068ec46,2000,1333
f8d0cd_a970ad8591874e468146080514478c44~mv2.jpg,wix-media/root/f8d0cd_a970ad8591874e468146080514478c44__Untitled_Artwork 21.jpg,/media/a970ad8591874e,3508,2480
f8d0cd_a9a8c766d0594508978d524eddbc6957~mv2.jpg,wix-media/root/f8d0cd_a9a8c766d0594508978d524eddbc6957__Art_Class.jpg,/media/a9a8c766d05945,3508,2480
f8d0cd_a9bd9bb6026748e4981454dc36c3e9f6~mv2.jpg,wix-media/np/f8d0cd_a9bd9bb6026748e4981454dc36c3e9f6__Untitled_Artwork 17.jpg,/media/a9bd9bb6026748,1366,1821
f8d0cd_a9dcf89c2e264a51970b728df7232007~mv2.png,zhaeng-media/root/f8d0cd_a9dcf89c2e264a51970b728df7232007__Screenshot 2025-03-12 at 1.42.54 PM.png,/media/a9dcf89c2e264a,2646,1890
f8d0cd_aad90fb837a04ef8a7a1234ee2cd926b~mv2.jpg,wix-media/ua/f8d0cd_aad90fb837a04ef8a7a1234ee2cd926b__Untitled_Artwork 19.jpg,/media/aad90fb837a04e,2224,1668
f8d0cd_ab5151f32cd240b5a04017de1af90bf5~mv2.jpg,wix-media/root/f8d0cd_ab5151f32cd240b5a04017de1af90bf5__Untitled_Artwork 11.jpg,/media/ab5151f32cd240,1702,1276
f8d0cd_ae25429486514e5d921067776e3eccc2~mv2.jpg,wix-media/ua/f8d0cd_ae25429486514e5d921067776e3eccc2__Untitled_Artwork 31.jpg,/media/ae25429486514e,7920,5280
f8d0cd_ae9b062416694962b917c199f8fd5adc~mv2.jpg,wix-media/root/f8d0cd_ae9b062416694962b917c199f8fd5adc__Untitled_Artwork 29.jpg,/media/ae9b0624166949,3508,2480
f8d0cd_af80c462eabd4668b22e133d464e5e1c~mv2.jpg,wix-media/ua/f8d0cd_af80c462eabd4668b22e133d464e5e1c__Untitled_Artwork 25.jpg,/media/af80c462eabd46,3508,2480
f8d0cd_aff715c9948c41208ac2d36ce7d1a407~mv2.jpg,wix-media/root/f8d0cd_aff715c9948c41208ac2d36ce7d1a407__Untitled_Artwork 13.jpg,/media/aff715c9948c41,3024,4032
f8d0cd_b03f23b4dc2f4979bfbf8a47fe15ceea~mv2.jpg,wix-media/vol.3/f8d0cd_b03f23b4dc2f4979bfbf8a47fe15ceea__no33.jpg,/media/b03f23b4dc2f49,839,595
f8d0cd_b08911b4594a4f5eae8bca2642e380b4~mv2.png,wix-media/root/f8d0cd_b08911b4594a4f5eae8bca2642e380b4__Untitled_Artwork 12.png,/media/b08911b4594a4f,2480,3508
f8d0cd_b105565f95ac4414aa9755f6be5c3729~mv2.jpg,wix-media/ua/f8d0cd_b105565f95ac4414aa9755f6be5c3729__View with Perspective - 2020.JPG,/media/b105565f95ac44,2577,1748
f8d0cd_b4003bf64898411298926f3d925676e0~mv2.png,wix-media/root/f8d0cd_b4003bf64898411298926f3d925676e0__Untitled_Artwork 3.png,/media/b4003bf6489841,2480,3508
f8d0cd_b40b42b9b35d4b7ab8d9664aceb6fa0d~mv2.jpg,wix-media/root/f8d0cd_b40b42b9b35d4b7ab8d9664aceb6fa0d__Untitled_Artwork 25.jpg,/media/b40b42b9b35d4b,2048,2048
f8d0cd_b5601e47ea10469aa2eca8b7cd64554b~mv2.jpg,wix-media/root/f8d0cd_b5601e47ea10469aa2eca8b7cd64554b__Untitled_Artwork 9.jpg,/media/b5601e47ea1046,1170,805
f8d0cd_b57004cd62454f818bb41705f2c7d1cc~mv2.png,wix-media/root/f8d0cd_b57004cd62454f818bb41705f2c7d1cc__Untitled_Artwork 5_edited.png,/media/b57004cd62454f,2360,1640
f8d0cd_b5e2f6b070e349dda2a755dfd25d9c0e~mv2.jpg,wix-media/ua/f8d0cd_b5e2f6b070e349dda2a755dfd25d9c0e__Untitled_Artwork 3.jpg,/media/b5e2f6b070e349,2048,2048
f8d0cd_b637febe5dc54b0ca8fa3a4e79bd4f7e~mv2.jpg,wix-media/i shoot photos/f8d0cd_b637febe5dc54b0ca8fa3a4e79bd4f7e__pj3_edited.jpg,/media/b637febe5dc54b,2000,1333
f8d0cd_b6e95e211bcf4182a978dcd4fd17ed93~mv2.jpg,wix-media/ua/f8d0cd_b6e95e211bcf4182a978dcd4fd17ed93__Untitled_Artwork 2.jpg,/media/b6e95e211bcf41,2048,2048
f8d0cd_b7945fe6fa95447e883f9b9ecbfaaaca~mv2.jpeg,wix-media/root/f8d0cd_b7945fe6fa95447e883f9b9ecbfaaaca__WechatIMG413.jpeg,/media/b7945fe6fa9544,1080,1528
f8d0cd_b91a889c8e40447897f65a928975b72a~mv2.jpg,wix-media/root/f8d0cd_b91a889c8e40447897f65a928975b72a__Untitled_Artwork 16.jpg,/media/b91a889c8e4044,343,343
f8d0cd_b965f5816a2f41febfb8e90951fea804~mv2.jpg,wix-media/root/f8d0cd_b965f5816a2f41febfb8e90951fea804__Untitled_Artwork 18.jpg,/media/b965f5816a2f41,2048,2048
f8d0cd_b99e9849cc524ef993798524f51b0cce~mv2.jpg,wix-media/i shoot photos/f8d0cd_b99e9849cc524ef993798524f51b0cce__project ---10.jpg,/media/b99e9849cc524e,2000,1333
f8d0cd_b9dcdc8b7cd74ab496ae853d37da69db~mv2.jpg,wix-media/root/f8d0cd_b9dcdc8b7cd74ab496ae853d37da69db__Untitled_Artwork 4.jpg,/media/b9dcdc8b7cd74a,1170,1441
f8d0cd_ba48887130f04b9cb8b2fdad3df6658d~mv2.jpg,wix-media/ua/f8d0cd_ba48887130f04b9cb8b2fdad3df6658d__Untitled_Artwork 38.jpg,/media/ba48887130f04b,2048,2048
f8d0cd_ba9629fbd81440649799ebbd3534ca62~mv2.jpg,wix-media/root/f8d0cd_ba9629fbd81440649799ebbd3534ca62__Untitled_Artwork 8.jpg,/media/ba9629fbd81440,4032,3024
f8d0cd_bb185653d2d34c23ab4000cfc9dfb3f9~mv2.jpg,wix-media/ua/f8d0cd_bb185653d2d34c23ab4000cfc9dfb3f9__freefall-2020.JPG,/media/bb185653d2d34c,2073,2572
f8d0cd_bbb464fbcc9c45cdbff32412f35d3cfd~mv2.png,wix-media/green/f8d0cd_bbb464fbcc9c45cdbff32412f35d3cfd__IMG_9166.heic,/media/bbb464fbcc9c45,1857,2764
f8d0cd_bcf5b867762e4c018f4140da054e20f8~mv2.png,wix-media/green/f8d0cd_bcf5b867762e4c018f4140da054e20f8__IMG_9159.heic,/media/bcf5b867762e4c,1793,2856
f8d0cd_bded3b373fef49428785c77c1d094e08~mv2.png,wix-media/green/f8d0cd_bded3b373fef49428785c77c1d094e08__IMG_9155.heic,/media/bded3b373fef49,1600,2461
f8d0cd_be15d832040b4bfba162283ce4a7d39e~mv2.jpg,wix-media/np/f8d0cd_be15d832040b4bfba162283ce4a7d39e__Untitled_Artwork 13.jpg,/media/be15d832040b4b,1080,1440
f8d0cd_be4a5bf847344dd7bedde7097ff487cc~mv2.jpg,wix-media/root/f8d0cd_be4a5bf847344dd7bedde7097ff487cc__Untitled_Artwork 11.jpg,/media/be4a5bf847344d,2480,3508
f8d0cd_bebc58cfe9764ba48edec8dfdcf3159e~mv2.jpg,wix-media/ua/f8d0cd_bebc58cfe9764ba48edec8dfdcf3159e__Untitled_Artwork 29.jpg,/media/bebc58cfe9764b,2500,2500
f8d0cd_c0a3c5fe18304534931bc8d5846d30da~mv2.jpg,wix-media/ua/f8d0cd_c0a3c5fe18304534931bc8d5846d30da__Joker 2.jpg,/media/c0a3c5fe183045,2480,3508
f8d0cd_c0e5bfe24e784c179fb8d241e250bb5f~mv2.jpg,wix-media/vol.2/f8d0cd_c0e5bfe24e784c179fb8d241e250bb5f__No.26.jpg,/media/c0e5bfe24e784c,1191,842
f8d0cd_c1be5fcfa1e24b33b0116c4ff9ca4c05~mv2.jpg,wix-media/vol.2/f8d0cd_c1be5fcfa1e24b33b0116c4ff9ca4c05__No.2.jpg,/media/c1be5fcfa1e24b,595,841
f8d0cd_c1bf1950999d44eb88f61ea83a7ed27f~mv2.jpg,wix-media/root/f8d0cd_c1bf1950999d44eb88f61ea83a7ed27f__Untitled_Artwork 19.jpg,/media/c1bf1950999d44,3508,2480
f8d0cd_c1fecb2ab5d94f5abe5b5ea414057b07~mv2.png,wix-media/ua/f8d0cd_c1fecb2ab5d94f5abe5b5ea414057b07__Screen Shot 2023-01-16 at 23.48.46.png,/media/c1fecb2ab5d94f,1424,990
f8d0cd_c226b0f029004e2c89a54e3ec13d4c64~mv2.jpg,wix-media/root/f8d0cd_c226b0f029004e2c89a54e3ec13d4c64__Untitled_Artwork 12.jpg,/media/c226b0f029004e,3024,4032
f8d0cd_c2f3f26685c6422f9ed8e551df5f89fb~mv2.jpg,wix-media/波兰。1/f8d0cd_c2f3f26685c6422f9ed8e551df5f89fb__some film15.jpg,/media/c2f3f26685c642,1191,842
f8d0cd_c4107402533e42bcbf310487e06afc90~mv2.jpg,wix-media/root/f8d0cd_c4107402533e42bcbf310487e06afc90__Untitled_Artwork 30.jpg,/media/c4107402533e42,3508,2480
f8d0cd_c41b053b1a0b412c9b0055c9034a1024~mv2.jpg,wix-media/root/f8d0cd_c41b053b1a0b412c9b0055c9034a1024__Untitled_Artwork 21.jpg,/media/c41b053b1a0b41,2480,3508
f8d0cd_c43883cb1f2b47f28895752085254b32~mv2.jpg,wix-media/np/f8d0cd_c43883cb1f2b47f28895752085254b32__Untitled_Artwork 21.jpg,/media/c43883cb1f2b47,2360,1640
f8d0cd_c4629459f6a949279934b4695cf14145~mv2.jpg,wix-media/np/f8d0cd_c4629459f6a949279934b4695cf14145__Untitled_Artwork 23.jpg,/media/c4629459f6a949,2480,3508
f8d0cd_c6382ceec9714c9d897cb40ee9449aa6~mv2.jpg,wix-media/ua/f8d0cd_c6382ceec9714c9d897cb40ee9449aa6__Untitled_Artwork 34.jpg,/media/c6382ceec9714c,2048,2048
f8d0cd_c68e9685a29a4f6cbc445a8f3226fb1d~mv2.jpg,wix-media/ua/f8d0cd_c68e9685a29a4f6cbc445a8f3226fb1d__Untitled_Artwork 36.jpg,/media/c68e9685a29a4f,3508,2480
f8d0cd_c8fd0581a9f845dcbed36f01f9ddf693~mv2.jpg,wix-media/root/f8d0cd_c8fd0581a9f845dcbed36f01f9ddf693__Untitled_Artwork 3.jpg,/media/c8fd0581a9f845,3508,2480
f8d0cd_c91ef56758bd46aca86b3fab4e700e16~mv2.jpg,wix-media/vol.3/f8d0cd_c91ef56758bd46aca86b3fab4e700e16__no35.jpg,/media/c91ef56758bd46,839,595
f8d0cd_c9cc1fd083c843de835531a476ed7bd2~mv2.jpg,wix-media/root/f8d0cd_c9cc1fd083c843de835531a476ed7bd2__1.11.jpg,/media/c9cc1fd083c843,6369,4777
f8d0cd_cb88d49c8b4a4015944ea3ee229bd876~mv2.jpg,wix-media/np/f8d0cd_cb88d49c8b4a4015944ea3ee229bd876__Untitled_Artwork 20.jpg,/media/cb88d49c8b4a40,3508,2480
f8d0cd_cbf3b28132fa46b49b51c244328dd7c2~mv2.jpg,wix-media/root/f8d0cd_cbf3b28132fa46b49b51c244328dd7c2__Untitled_Artwork 9.jpg,/media/cbf3b28132fa46,2360,1640
f8d0cd_ccdbdb526df944b89eee3fd2eec5b4d6~mv2.jpg,wix-media/np/f8d0cd_ccdbdb526df944b89eee3fd2eec5b4d6__Untitled_Artwork 24.jpg,/media/ccdbdb526df944,2480,3508
f8d0cd_cd9443b2aa394bb196ee821e735995d2~mv2.png,wix-media/root/f8d0cd_cd9443b2aa394bb196ee821e735995d2__Untitled_Artwork 10.png,/media/cd9443b2aa394b,3508,2480
f8d0cd_ce51b3d2efe84328a69007c8e294138a~mv2.jpg,wix-media/root/f8d0cd_ce51b3d2efe84328a69007c8e294138a__Untitled_Artwork 5.jpg,/media/ce51b3d2efe843,1170,1206
f8d0cd_d042a57bce38495ea1cc7f96fa5c78e3~mv2.jpg,wix-media/root/f8d0cd_d042a57bce38495ea1cc7f96fa5c78e3__Untitled_Artwork 5.jpg,/media/d042a57bce3849,2048,2048
f8d0cd_d0c7b6591c614a46afb1abda6a790b67~mv2.jpg,wix-media/i shoot photos/f8d0cd_d0c7b6591c614a46afb1abda6a790b67__project 1.5.jpg,/media/d0c7b6591c614a,7200,4800
f8d0cd_d25174331e30467e8b89f2d87449e97e~mv2.jpg,wix-media/vol.3/f8d0cd_d25174331e30467e8b89f2d87449e97e__no39.jpg,/media/d25174331e3046,839,595
f8d0cd_d266b602c4e94ce2854701cec4a821d4~mv2.jpg,wix-media/root/f8d0cd_d266b602c4e94ce2854701cec4a821d4__Untitled_Artwork 2.jpg,/media/d266b602c4e94c,3508,2480
f8d0cd_d2f6201d14c945a890a5e36df54aeaf1~mv2.jpg,wix-media/vol.3/f8d0cd_d2f6201d14c945a890a5e36df54aeaf1__no37.jpg,/media/d2f6201d14c945,839,595
f8d0cd_d4cd349dad564b919f043fd38dd9a818~mv2.png,wix-media/root/f8d0cd_d4cd349dad564b919f043fd38dd9a818__Untitled_Artwork 1.png,/media/d4cd349dad564b,2480,3508
f8d0cd_d4e43c373cf34e6e938adbde0dcf1f5f~mv2.jpg,wix-media/root/f8d0cd_d4e43c373cf34e6e938adbde0dcf1f5f__Untitled_Artwork.jpg,/media/d4e43c373cf34e,2360,1640
f8d0cd_d4f25890f7de4d6bb57c321b58b2a89b~mv2.png,wix-media/green/f8d0cd_d4f25890f7de4d6bb57c321b58b2a89b__IMG_9164.heic,/media/d4f25890f7de4d,1798,2764
f8d0cd_d5c6dc7a91ff472fabf35f248c6fdd5d~mv2.png,wix-media/green/f8d0cd_d5c6dc7a91ff472fabf35f248c6fdd5d__IMG_9162.heic,/media/d5c6dc7a91ff47,1881,2704
f8d0cd_d60f6785e3494eda9b1806a0995d4c72~mv2.jpg,wix-media/ua/f8d0cd_d60f6785e3494eda9b1806a0995d4c72__Untitled_Artwork 9.jpg,/media/d60f6785e3494e,1640,2360
f8d0cd_d702643fafc6489cbcf8d0089a7ae014~mv2.jpg,wix-media/root/f8d0cd_d702643fafc6489cbcf8d0089a7ae014__Untitled_Artwork 20.jpg,/media/d702643fafc648,2360,1640
f8d0cd_d792d78fcd1f41d2acbd288eb1f453fa~mv2.jpg,wix-media/vol.3/f8d0cd_d792d78fcd1f41d2acbd288eb1f453fa__no314.jpg,/media/d792d78fcd1f41,839,595
f8d0cd_d7c43230a079457ab15758a9546b93af~mv2.jpg,wix-media/vol.3/f8d0cd_d7c43230a079457ab15758a9546b93af__no34.jpg,/media/d7c43230a07945,839,595
f8d0cd_d7d53196214d46369d315f361c85c145~mv2.jpg,wix-media/root/f8d0cd_d7d53196214d46369d315f361c85c145__Untitled_Artwork 3.jpg,/media/d7d53196214d46,2048,2048
f8d0cd_d91018871c69434f80a2d2b2d8005261~mv2.jpg,wix-media/ua/f8d0cd_d91018871c69434f80a2d2b2d8005261__Untitled_Artwork 8.jpg,/media/d91018871c6943,2360,1640
f8d0cd_d93089fdf994418db36b7160ed40bb4d~mv2.jpg,wix-media/root/f8d0cd_d93089fdf994418db36b7160ed40bb4d__Untitled_Artwork 7.jpg,/media/d93089fdf99441,1276,1702
f8d0cd_db3c8dca553040e6be52a3e5cbf69ee6~mv2.jpg,wix-media/ua/f8d0cd_db3c8dca553040e6be52a3e5cbf69ee6__O.jpg,/media/db3c8dca553040,2360,1640
f8d0cd_dcc336fdaabf46c38939db129b97409b~mv2.png,zhaeng-media/root/f8d0cd_dcc336fdaabf46c38939db129b97409b__ip1.png,/media/dcc336fdaabf46,724,523
f8d0cd_dce9bebecf394785a6ec5ca1f6b9cd9b~mv2.png,wix-media/root/f8d0cd_dce9bebecf394785a6ec5ca1f6b9cd9b__Untitled_Artwork 2.png,/media/dce9bebecf3947,2048,2048
f8d0cd_ddde5156575d400289867c53e49c8de4~mv2.jpg,zhaeng-media/root/f8d0cd_ddde5156575d400289867c53e49c8de4__kkkkk-6.jpg,/media/ddde5156575d40,541,1126
f8d0cd_de3f6ce8151f48bb970fbc256998f499~mv2.jpg,wix-media/vol.2/f8d0cd_de3f6ce8151f48bb970fbc256998f499__No.214.jpg,/media/de3f6ce8151f48,1191,842
f8d0cd_e062b55dec224da5be98a3d34a6a8660~mv2.jpg,wix-media/ua/f8d0cd_e062b55dec224da5be98a3d34a6a8660__IMG_1841.JPG,/media/e062b55dec224d,1248,1728
f8d0cd_e1725e5c445d47f485d58ea4f016db92~mv2.jpg,wix-media/vol.2/f8d0cd_e1725e5c445d47f485d58ea4f016db92__No.2.jpg,/media/e1725e5c445d47,595,842
f8d0cd_e331e4464c8749f19e07a3f4e97a5fea~mv2.png,wix-media/green/f8d0cd_e331e4464c8749f19e07a3f4e97a5fea__IMG_9158.heic,/media/e331e4464c8749,1762,2820
f8d0cd_e3875127d5a34bb285515116a25c7b10~mv2.jpg,wix-media/波兰。1/f8d0cd_e3875127d5a34bb285515116a25c7b10__some film10.jpg,/media/e3875127d5a34b,1191,842
f8d0cd_e567fccece8149f4b0636ccd342f69b5~mv2.jpg,wix-media/波兰。1/f8d0cd_e567fccece8149f4b0636ccd342f69b5__some film11.jpg,/media/e567fccece8149,1191,842
f8d0cd_e6317660e314445f805bbc48f9ae42bc~mv2.jpg,wix-media/root/f8d0cd_e6317660e314445f805bbc48f9ae42bc__kkkkk-4 copy.jpg,/media/e6317660e31444,951,1689
f8d0cd_e639fb821b4f4967b59d5b6a01be8825~mv2.jpg,wix-media/root/f8d0cd_e639fb821b4f4967b59d5b6a01be8825__Untitled_Artwork 8_edited.jpg,/media/e639fb821b4f49,578,1059
f8d0cd_e6d6480f13d747e0ab49302383439ed0~mv2.jpg,wix-media/root/f8d0cd_e6d6480f13d747e0ab49302383439ed0__Untitled_Artwork 2.jpg,/media/e6d6480f13d747,2048,2048
f8d0cd_e7920b0b9a0f422499fc4d619a189c61~mv2.jpg,wix-media/ua/f8d0cd_e7920b0b9a0f422499fc4d619a189c61__Untitled_Artwork 22.jpg,/media/e7920b0b9a0f42,3508,2480
f8d0cd_e7c408b3e2e84a4aa73b992371d73a03~mv2.jpg,wix-media/np/f8d0cd_e7c408b3e2e84a4aa73b992371d73a03__Untitled_Artwork 12.jpg,/media/e7c408b3e2e84a,4032,3024
f8d0cd_e867a0d25b494a6eaddf3d38758e495b~mv2.gif,wix-media/root/f8d0cd_e867a0d25b494a6eaddf3d38758e495b__BD76E207-009B-4C39-80E5-A8E44FB5E864.gif,/media/e867a0d25b494a,2480,3508
f8d0cd_e8ac1fe357be4838af033f37f61adea3~mv2.jpg,zhaeng-media/root/f8d0cd_e8ac1fe357be4838af033f37f61adea3__IMG_4990.jpg,/media/e8ac1fe357be48,1110,1352
f8d0cd_e97830c7e9ab4e1ea68bd39c1dd5ddbd~mv2.jpg,wix-media/root/f8d0cd_e97830c7e9ab4e1ea68bd39c1dd5ddbd__DSC06462 copy.jpg,/media/e97830c7e9ab4e,1992,3320
f8d0cd_e99d0ab3570c4ec5b77df9c5cfa8da0f~mv2.jpg,wix-media/root/f8d0cd_e99d0ab3570c4ec5b77df9c5cfa8da0f__kkkkk-30.jpg,/media/e99d0ab3570c4e,1126,2000
f8d0cd_e9b9ac1cee2d492bb7b5249afa036207~mv2.jpg,wix-media/root/f8d0cd_e9b9ac1cee2d492bb7b5249afa036207__Untitled_Artwork 5.jpg,/media/e9b9ac1cee2d49,3024,4032
f8d0cd_e9d9c13ff3bc4996ae492a8b7d7a43fa~mv2.jpg,zhaeng-media/root/f8d0cd_e9d9c13ff3bc4996ae492a8b7d7a43fa__DSC06462.jpg,/media/e9d9c13ff3bc49,1992,3320
f8d0cd_ed6e10a06a6f4f47bafee398f0009758~mv2.jpg,wix-media/i shoot photos/f8d0cd_ed6e10a06a6f4f47bafee398f0009758__project ---64.jpg,/media/ed6e10a06a6f4f,2000,1333
f8d0cd_ef4b040508d54c36aa2b9685fc6cd91f~mv2.png,wix-media/ua/f8d0cd_ef4b040508d54c36aa2b9685fc6cd91f__Screen Shot 2023-01-16 at 23.48.53.png,/media/ef4b040508d54c,1410,942
f8d0cd_efdd2c309add4f809d30a20c50c855ad~mv2.jpg,wix-media/root/f8d0cd_efdd2c309add4f809d30a20c50c855ad__Untitled_Artwork 9.jpg,/media/efdd2c309add4f,4032,3024
f8d0cd_f08398492e164bd699117a4dfcc9d9c6~mv2.jpg,wix-media/ua/f8d0cd_f08398492e164bd699117a4dfcc9d9c6__Untitled_Artwork 4.jpg,/media/f08398492e164b,1800,1200
f8d0cd_f1fd1635c6b14c70929cbe09f39f87a5~mv2.jpg,wix-media/ua/f8d0cd_f1fd1635c6b14c70929cbe09f39f87a5__Untitled_Artwork 21.jpg,/media/f1fd1635c6b14c,3508,2480
f8d0cd_f278fa71abcc423d98714755935a6563~mv2.jpg,wix-media/root/f8d0cd_f278fa71abcc423d98714755935a6563__Untitled_Artwork 6.jpg,/media/f278fa71abcc42,2048,2048
f8d0cd_f3e7991c9cfd4b4da7b09b1f66f807f0~mv2.png,wix-media/root/f8d0cd_f3e7991c9cfd4b4da7b09b1f66f807f0__IMG_4597.png,/media/f3e7991c9cfd4b,3648,5472
f8d0cd_f4903c9922ab4bce8da263680b81c648~mv2.jpg,wix-media/vol.2/f8d0cd_f4903c9922ab4bce8da263680b81c648__No.211.jpg,/media/f4903c9922ab4b,1191,842
f8d0cd_f4aa42e15505444c939f56ae04e34f16f000.jpg,extra/f8d0cd_f4aa42e15505444c939f56ae04e34f16f000__f8d0cd_f4aa42e15505444c939f56ae04e34f16f000.jpg,/media/f4aa42e1550544,768,432
f8d0cd_f570788b4cff44d59fc751ec3b55a8e6~mv2.jpg,wix-media/root/f8d0cd_f570788b4cff44d59fc751ec3b55a8e6__未命名作品.jpg,/media/f570788b4cff44,2048,2048
f8d0cd_f5dad9ce6aed44c3bd630751be918f97~mv2.jpg,wix-media/root/f8d0cd_f5dad9ce6aed44c3bd630751be918f97__kkkkk-64.jpg,/media/f5dad9ce6aed44,2000,1335
f8d0cd_f6385488e8504d96bd4dc95a04a2526f~mv2.jpg,wix-media/np/f8d0cd_f6385488e8504d96bd4dc95a04a2526f__Untitled_Artwork 16.jpg,/media/f6385488e8504d,2071,2761
f8d0cd_f6af7d2e24d74ce28aa749601e4f00fc~mv2.jpg,wix-media/i shoot photos/f8d0cd_f6af7d2e24d74ce28aa749601e4f00fc__Project 2.11.jpg,/media/f6af7d2e24d74c,2000,1333
f8d0cd_f7607a25e032434caa05b6231ec1eb2c~mv2.jpg,wix-media/root/f8d0cd_f7607a25e032434caa05b6231ec1eb2c__Untitled_Artwork 20.jpg,/media/f7607a25e03243,3508,2480
f8d0cd_f880e0e1bfd84b07991026c97333e1dc~mv2.jpg,wix-media/np/f8d0cd_f880e0e1bfd84b07991026c97333e1dc__Mickey_bob.jpg,/media/f880e0e1bfd84b,2480,3508
f8d0cd_f8c1dc64d2d944dfbefc71308aec57a8f000.jpg,extra/f8d0cd_f8c1dc64d2d944dfbefc71308aec57a8f000__f8d0cd_f8c1dc64d2d944dfbefc71308aec57a8f000.jpg,/media/f8c1dc64d2d944,1920,1080
f8d0cd_f95c713316f548f2ac3ef95164f4a716~mv2.jpg,wix-media/np/f8d0cd_f95c713316f548f2ac3ef95164f4a716__Untitled_Artwork 22.jpg,/media/f95c713316f548,2480,3508
f8d0cd_f96d5ac6adb2455c991a971cc45f878f~mv2.jpg,wix-media/波兰。1/f8d0cd_f96d5ac6adb2455c991a971cc45f878f__some film16.jpg,/media/f96d5ac6adb245,1191,842
f8d0cd_fb8ae517f6c542fa91ca8322ad1bf0c5~mv2.png,wix-media/green/f8d0cd_fb8ae517f6c542fa91ca8322ad1bf0c5__IMG_9160.heic,/media/fb8ae517f6c542,1771,2772
f8d0cd_fbcf6a27474041719f351671191a5485f000.jpg,extra/f8d0cd_fbcf6a27474041719f351671191a5485f000__f8d0cd_fbcf6a27474041719f351671191a5485f000.jpg,/media/fbcf6a27474041,960,1280
f8d0cd_fd8bbe6fb2e04736883c85bb35460f36~mv2.png,wix-media/root/f8d0cd_fd8bbe6fb2e04736883c85bb35460f36__Untitled_Artwork 2.png,/media/fd8bbe6fb2e047,2480,3508
f8d0cd_fe4308d4e87f497cb4c511ec42cbd619~mv2.jpg,wix-media/root/f8d0cd_fe4308d4e87f497cb4c511ec42cbd619__0000931-R01-00-00A.jpg,/media/fe4308d4e87f49,1535,2291
f8d0cd_feaa0cb4bde44e838c3adadcb4a60fc1~mv2.jpg,wix-media/root/f8d0cd_feaa0cb4bde44e838c3adadcb4a60fc1__s.jpg,/media/feaa0cb4bde44e,7360,4368
f8d0cd_81d29cb479324904b7dc532f5762cc76,wix-media/videos/IMG_7465.mov,/video/81d29cb4793249.mp4,1080,1918
f8d0cd_98bba51eac674bdb92857609bec8c02f,wix-media/videos/IMG_1678.mov,/video/98bba51eac674b.mp4,1080,1920
f8d0cd_76462e50c626432cb458423fe48857d5,wix-media/videos/dji_mimo_20221225_143424_20221225143412_1671978940100_video.MP4,/video/76462e50c62643.mp4,1920,1080
f8d0cd_722cfbedb4a447d89950980e72f0384a,wix-media/videos/jjj.mov,/video/722cfbedb4a447.mp4,960,1280
f8d0cd_a3d778dc993342f4bda0ddc5bf8b5559,wix-media/videos/My Movie 2.mov,/video/a3d778dc993342.mp4,1422,1078
f8d0cd_f8c1dc64d2d944dfbefc71308aec57a8,wix-media/videos/kaku.mp4,/video/f8c1dc64d2d944.mp4,1920,1080
f8d0cd_fbcf6a27474041719f351671191a5485,wix-media/videos/butterflyd-e40fd23b9d3c44b8bd5b32979029bf50.mov,/video/fbcf6a27474041.mp4,960,1280
f8d0cd_2e970e7dcfe04d7b8c61ecb5054f920f,wix-media/videos/vikaku.mov,/video/2e970e7dcfe04d.mp4,1280,960
f8d0cd_f4aa42e15505444c939f56ae04e34f16,wix-media/videos/142.mov,/video/f4aa42e1550544.mp4,640,432
f8d0cd_3c3075007b974debbcfe9b176941bc68,zhaeng-media/videos/IMG_1275.mov,/video/3c3075007b974d.mp4,1440,1920
f8d0cd_745039f2c47d41b59b75b93a8501ddf5,zhaeng-media/videos/RPReplay_Final1711410050.mov,/video/745039f2c47d41.mp4,536,1204
