id,name,bytes,type,width,height,folder
f8d0cd_63438300b261453eaaf30664c808daba~mv2.png,IMG_4990_edited.png,300582,IMAGE,,,(root)
f8d0cd_bf156b7bd58d477cb7a349d02966b990~mv2.png,IMG_4990.png,352296,IMAGE,,,(root)
f8d0cd_e8ac1fe357be4838af033f37f61adea3~mv2.jpg,IMG_4990.jpg,149776,IMAGE,,,(root)
f8d0cd_0fc6443266c241ac84f3fd3bbc28623d~mv2.jpg,IMG_4376.jpg,148653,IMAGE,,,(root)
f8d0cd_a9dcf89c2e264a51970b728df7232007~mv2.png,Screenshot 2025-03-12 at 1.42.54 PM.png,6449687,IMAGE,,,(root)
f8d0cd_8742723219c14216822a375b57e2b91a~mv2.png,ss.png,508667,IMAGE,,,(root)
f8d0cd_dcc336fdaabf46c38939db129b97409b~mv2.png,ip1.png,698599,IMAGE,,,(root)
f8d0cd_a4ae3f2bc4a54797bdaded9de91cd8bd~mv2.png,visual citizenship.png,34559,IMAGE,,,(root)
f8d0cd_3c3075007b974debbcfe9b176941bc68,IMG_1275.mov,55623232,VIDEO,,,(root)
f8d0cd_ddde5156575d400289867c53e49c8de4~mv2.jpg,kkkkk-6.jpg,517863,IMAGE,,,(root)
f8d0cd_745039f2c47d41b59b75b93a8501ddf5,RPReplay_Final1711410050.mov,19207316,VIDEO,,,(root)
f8d0cd_8d39566324e446ca9a8ae523d28f5c15~mv2.jpg,IMG_5167.jpg,27172,IMAGE,,,(root)
f8d0cd_ab0a87e043af4736b9a04950c9734f03~mv2.jpg,aloha.jpg,2905630,IMAGE,,,(root)
f8d0cd_4dc54d4a1b104cc6b8abd90d0f660852~mv2.jpg,aloha.jpg,2905630,IMAGE,,,(root)
f8d0cd_556f932e8c5f4af481d737a4fc7e1776~mv2.jpg,me.jpg,1576644,IMAGE,,,(root)
f8d0cd_380ea71b6b534c648855539225cc6ca8~mv2.jpg,IMG_6499.jpg,411052,IMAGE,,,(root)
f8d0cd_44e16e33646d4447a1b685492e723a01~mv2.jpg,hjkhkjhjk.jpg,1857607,IMAGE,,,(root)
f8d0cd_e9d9c13ff3bc4996ae492a8b7d7a43fa~mv2.jpg,DSC06462.jpg,4153298,IMAGE,,,(root)
f8d0cd_12a6810373104280a3a8a3c651949fd3~mv2.jpg,dafs.jpg,1831504,IMAGE,,,(root)
f8d0cd_2510b44f777b40dd903d0ee8a74eeb43~mv2.jpeg,DSC05668.jpeg,11163687,IMAGE,,,(root)
f8d0cd_71409a0faf7a49d4a368f1545000ffdb~mv2.png,inject-stores-service_1723095220508.png,1373489,IMAGE,,,(root)
f8d0cd_b11fc234a7db45c0b9dee456803fd151~mv2.png,inject-stores-service_1723095220471.png,1245928,IMAGE,,,(root)
f8d0cd_b685dbaa74ee464ba2c8bf134dbf9161~mv2.png,inject-stores-service_1723095220033.png,1286359,IMAGE,,,(root)
f8d0cd_f2a1e7d6f1c74d0ead59b909d2fba722~mv2.png,inject-stores-service_1723095220064.png,1375551,IMAGE,,,(root)
f8d0cd_88effc27aed84ea7b6997fa8b161b2eb~mv2.png,inject-stores-service_1723095219619.png,1512394,IMAGE,,,(root)
f8d0cd_4cc3b068e79f4d08a0d1e80e0fb58eaa~mv2.png,inject-stores-service_1723095219991.png,1274874,IMAGE,,,(root)
f8d0cd_b2efe612c55c4b31ba9570e44121f8d3~mv2.png,inject-stores-service_1723095219646.png,1054842,IMAGE,,,(root)
f8d0cd_ae9cfe48d03e421c871c46fcb1f5d794~mv2.png,inject-stores-service_1723095219091.png,1237346,IMAGE,,,(root)
